-- phpMyAdmin SQL Dump
-- version 5.0.2
-- https://www.phpmyadmin.net/
--
-- Host: 127.0.0.1
-- Generation Time: May 19, 2021 at 02:40 AM
-- Server version: 10.4.14-MariaDB
-- PHP Version: 7.4.9

SET SQL_MODE = "NO_AUTO_VALUE_ON_ZERO";
START TRANSACTION;
SET time_zone = "+00:00";


/*!40101 SET @OLD_CHARACTER_SET_CLIENT=@@CHARACTER_SET_CLIENT */;
/*!40101 SET @OLD_CHARACTER_SET_RESULTS=@@CHARACTER_SET_RESULTS */;
/*!40101 SET @OLD_COLLATION_CONNECTION=@@COLLATION_CONNECTION */;
/*!40101 SET NAMES utf8mb4 */;

--
-- Database: `tama_db`
--

-- --------------------------------------------------------

--
-- Table structure for table `collab_category_tbl`
--

CREATE TABLE `collab_category_tbl` (
  `collab_category_id` int(5) NOT NULL,
  `collab_category` varchar(25) NOT NULL
) ENGINE=InnoDB DEFAULT CHARSET=utf8mb4;

--
-- Dumping data for table `collab_category_tbl`
--

INSERT INTO `collab_category_tbl` (`collab_category_id`, `collab_category`) VALUES
(1, 'School'),
(2, 'Work'),
(3, 'Fitness'),
(4, 'Others');

-- --------------------------------------------------------

--
-- Table structure for table `collab_member_tbl`
--

CREATE TABLE `collab_member_tbl` (
  `member_rec_id` int(10) NOT NULL,
  `user_id` int(10) NOT NULL,
  `collab_room_id` int(10) NOT NULL,
  `isAccepted` int(1) NOT NULL DEFAULT 0
) ENGINE=InnoDB DEFAULT CHARSET=utf8mb4;

--
-- Dumping data for table `collab_member_tbl`
--

INSERT INTO `collab_member_tbl` (`member_rec_id`, `user_id`, `collab_room_id`, `isAccepted`) VALUES
(29, 3, 29, 1),
(30, 3, 30, 1),
(35, 3, 34, 1),
(62, 3, 45, 1),
(90, 1, 62, 1),
(93, 2, 64, 1),
(95, 1, 65, 1),
(97, 2, 65, 1),
(101, 3, 65, 0),
(104, 2, 62, 0),
(105, 1, 34, 0),
(106, 3, 62, 1),
(107, 34, 67, 1),
(109, 34, 69, 1),
(110, 34, 70, 1),
(111, 1, 70, 0),
(112, 44, 71, 1),
(113, 2, 71, 0),
(114, 1, 71, 1),
(127, 45, 87, 1),
(128, 1, 88, 1),
(129, 2, 88, 1),
(130, 2, 89, 1),
(131, 1, 90, 1),
(133, 1, 92, 1);

-- --------------------------------------------------------

--
-- Table structure for table `collab_room_tbl`
--

CREATE TABLE `collab_room_tbl` (
  `collab_room_id` int(10) NOT NULL,
  `user_id` int(10) NOT NULL,
  `collab_category_id` int(5) NOT NULL,
  `collab_room_name` varchar(25) NOT NULL,
  `collab_room_description` varchar(25) NOT NULL
) ENGINE=InnoDB DEFAULT CHARSET=utf8mb4;

--
-- Dumping data for table `collab_room_tbl`
--

INSERT INTO `collab_room_tbl` (`collab_room_id`, `user_id`, `collab_category_id`, `collab_room_name`, `collab_room_description`) VALUES
(16, 1, 1, 'Test 11', 'test'),
(17, 1, 1, 'Test12', 'test'),
(19, 1, 1, 'New room lods', 'test'),
(20, 1, 1, 'New room lods', 'test'),
(21, 1, 2, 'Room test create', 'start room'),
(22, 1, 1, 'Test fix bug', 'test'),
(23, 1, 1, 'fasdf', 'fsadf'),
(24, 1, 1, 'FIXXX', 'Fixx'),
(25, 1, 1, 'trial fix', 'trial fix desc'),
(26, 1, 1, 'Last trial fix', 'ixxx'),
(29, 3, 1, 'Test room999', 'test'),
(30, 3, 1, 'Test room again', 'test'),
(31, 1, 1, 'New collab', 'tets'),
(34, 3, 1, 'Invite test', 'test'),
(38, 1, 1, 'asdfs', 'asf'),
(42, 1, 1, 'rerre', 'rerer'),
(45, 3, 1, 'nreew', 'new'),
(49, 2, 1, 'Something New', 'New wow'),
(51, 1, 2, 'Collab', 'Collab'),
(53, 1, 1, 'Test', 'test'),
(55, 1, 1, 'Tasttttt', 'rfdsf'),
(57, 1, 1, 'FAQ', 'fsfsf'),
(60, 1, 1, 'New', 'New'),
(62, 1, 1, 'New', 'new'),
(64, 2, 2, 'sdfsdf', 'fsdfsf'),
(65, 1, 1, 'Newwww', 'newww'),
(67, 34, 1, 'New Collab', 'new user'),
(68, 34, 1, 'New collab 2', 'new user'),
(69, 34, 1, 'new 2', 'new user'),
(70, 34, 1, 'New collab 3', 'new user'),
(71, 44, 1, 'New Room for Project', 'Let\'s Collab '),
(73, 45, 1, 'asdf', 'asdf'),
(75, 45, 1, 'Req', 'req'),
(77, 45, 1, 'qwe', 'qwer'),
(79, 45, 1, 'EWQ', 'QWE'),
(81, 45, 1, 'rewqr', 'rwerwq'),
(82, 45, 1, 'fsdfsf', 'sdfsadf'),
(83, 45, 1, 'asdf', 'fasdfs'),
(84, 45, 1, 'sdafasdf', 'dsfsa'),
(85, 45, 1, 'dfsadfsa', 'fsadfs'),
(87, 45, 1, 'fsdafasf', 'fsdffsad'),
(88, 1, 1, 'neww', 'bew'),
(89, 2, 1, 'New', 'bewew'),
(90, 1, 3, 'Dasd', 'asdfdsa'),
(92, 1, 4, 'fasdfsd', 'afsdafsdaf');

-- --------------------------------------------------------

--
-- Table structure for table `collab_tasks_tbl`
--

CREATE TABLE `collab_tasks_tbl` (
  `collab_id` int(10) NOT NULL,
  `collab_room_id` int(10) NOT NULL,
  `task_id` int(10) NOT NULL,
  `doneBy` int(10) DEFAULT NULL
) ENGINE=InnoDB DEFAULT CHARSET=utf8mb4;

--
-- Dumping data for table `collab_tasks_tbl`
--

INSERT INTO `collab_tasks_tbl` (`collab_id`, `collab_room_id`, `task_id`, `doneBy`) VALUES
(125, 65, 228, NULL),
(126, 62, 229, NULL),
(127, 70, 231, NULL),
(128, 70, 232, NULL),
(129, 71, 238, NULL),
(130, 71, 239, NULL),
(131, 71, 240, NULL),
(132, 71, 241, NULL),
(133, 88, 255, 2),
(134, 88, 256, 2),
(135, 88, 257, 1),
(136, 88, 258, 2),
(137, 88, 263, 1),
(138, 88, 274, 2),
(140, 89, 276, NULL);

-- --------------------------------------------------------

--
-- Table structure for table `item_category_tbl`
--

CREATE TABLE `item_category_tbl` (
  `item_category_id` int(5) NOT NULL,
  `category_name` varchar(50) NOT NULL
) ENGINE=InnoDB DEFAULT CHARSET=utf8mb4;

--
-- Dumping data for table `item_category_tbl`
--

INSERT INTO `item_category_tbl` (`item_category_id`, `category_name`) VALUES
(1, 'themes'),
(2, 'headdress'),
(3, 'profile images');

-- --------------------------------------------------------

--
-- Table structure for table `shop_tbl`
--

CREATE TABLE `shop_tbl` (
  `item_id` int(5) NOT NULL,
  `item_category_id` int(5) NOT NULL,
  `item_name` varchar(25) NOT NULL,
  `item_price` int(10) NOT NULL,
  `item_property` longtext NOT NULL
) ENGINE=InnoDB DEFAULT CHARSET=utf8mb4;

--
-- Dumping data for table `shop_tbl`
--

INSERT INTO `shop_tbl` (`item_id`, `item_category_id`, `item_name`, `item_price`, `item_property`) VALUES
(1, 1, 'primary', 25, '#3880ff'),
(2, 1, 'success', 25, '#2dd36f'),
(4, 2, 'Astronaut', 50, 'data:image/png;base64,iVBORw0KGgoAAAANSUhEUgAAACAAAAAgCAYAAABzenr0AAAABHNCSVQICAgIfAhkiAAAAAlwSFlzAAAA7AAAAOwBeShxvQAAABl0RVh0U29mdHdhcmUAd3d3Lmlua3NjYXBlLm9yZ5vuPBoAAAZLSURBVFiFtZddbBxnFYaf883sv9fe2E4cO1GcOnaSxjQlhKqhKUWkRaWV+JNA0KIoKhcVXAFSKy4RtFegSgghcQVCBVktqAipUhWShqKIBjWkSYibv66T5sc/66zt2LHXs7sz8x0u1ut415vEpvBe7cy8Z973nPnO950VVoF8QTsDh6+q6pcUegLLpsCqE4SUrFByjLyDlVe2tsh7K32nrIQ0fEvbnKh9UVV+AMQacQILBV8JFSJGLkeQZ3pa5PjHNpDzdJ9F/wS03ourQDFU5n0QQWMOL/WlnR//1wZGPd0P+hsgslQkNznL2NQshaIPQCoeobM1zfq2NAKUQqXgV7hxwx/7WpxvrtrAqKePgh4BogCzXol/DF7nxIUR5orlhjFN8SgPbd/A3gc2EYlEKASV+3GXn96pEg0NXJ3WNZGYXgTWApy5PM6fj57HK1cydlyXVKaZSCwKgF8qU5i+RRhUFONRl6cf7uP+3o34oWIEjTlmZ29aPliRgZFi+HNReQHg7ZOXOHziMgCpTDOdWzbTsrYVkdpQVWUmP8XY0FUKMzMAfGbHRh779HYUiDqc3dbsfOKeBoZvaZuJ6DAQP5Ud47V3Kqa7+u6jc0v3MuF6BFYZvzHN2KnTWKvs2trFk4/0VxJQ82BPq5xZyjfVH6MDz7fnBp7b50yc/BEQ98o+b/7z4qJ4V+/me4oDuEZwWjJ07vokxgjvnb3GzKwHgC3feCU38Ny+0YHn22sMjA0c6HfEHxLhCBq8CHA6m6NQ9EmkU3Ru6b6n8FI4Img6Q2pdRefw8QsAhCbyhAhHHONnxwYO9C8aEDHfBloqdVoPwIXrEwC0b+xaUeZLEaoCkOnejDHCh9duVCrgJisEJbOgufgJUtVgTWQAmFooW7K5aVXigVZ2RQCJxUHBW2jbUNyl1NRSA7fhxAEwC1kruioDM6VafmAt1bWuDZpuuYEFrEknAJifmV25uA9eePvaeh7lckAqHr1jTGUNqAT1D/q71wIwcX2UILR3FQ4sTBRhtnw7ewEmslmCMGRHT8eymKqmWbDxV6it9c6eDpqTMYoFj9zYBJMlpRBAyYJvoRRCwYfJopLzlGJYW/pwKs/49VFcx/CFPdvr9RXswUUDHd/67SGL7hN4GTEBQCzq8rVHtyMKucGzePk80yUl7ynjnpIvKjfLWlPyauZ2Ks+Hx44TWuXLe+8nnaic4CIg8LJRPt/x7O8OV/k1GPPsiEJX9frgv4Y4cvIyRoRUexuZ3l5sNLFsaQpgyh758xcZvzpMqMreB7r5ztO7mS4roQVHCHdknJpWcFmO8ywx8MWHejEoh05cYjp3g7mJSRxjSK5bSzRZ6etyYZ7pkTEKXhE/CHGM4euP9fPUnq2oQnUJich0vdiyCowW9buo/rr+/ux8id8fOs25KzcoByFGDKBYawltpR7RiMuDvet59vGdNKcq7VyyytzC6R11+MO2Zmf/XQ1kVWOpop4DehpUB4ArYze5ODzJxEwBVWhNJ+i/bx3dHZkangIzC+U3gk+Lae0XmburAYCRgu4So0eB1W2DdSgEUAwUETSOeaY3I6/XcxpuRBtScuovx7I/nJ4tFho9F+8mMnQQk30L88HryN9fQm5eWnxuFeb8BXFVe/Fq7ieNxOEOFTjws7e2THhe1ojIw/2b2L21k872ZpoSldEwceJXuPmzi/xwdhxiaea+8ioWoRxCqRxw/qMcb/ztDKENbdPa5JbXvvfUlXqtRl1AGHf2ZCJJKXhljg1e5d3B2rhf9g7R7CzJwo1h56f4/i/erMtOiEVdUqmkccvyCLAyA67wfmiMn07FI5pU/CDEWosqCErS+MuERC3pRASLQQSMMURcp3qUl63a9xtpLfsEI0XdhrB9MJv71HD+1mcDa+P1nM3Ff7d1FbNtAGJ9SRY+Sk4m+m6ebP9GTYbGGEknEtK9IXOtrSU15BhztLdJDjY0kC9op2/0VeCJRk4/DgILcwv/mlyRyZiVfdXZUADOqkbXlPQYyu7/tXgVoVb2BFVwhHltMR39InMGYE2RF/6f4gCOQMJdNJN0ZvQNABn1dBPoOZaMZVDp5WIIyYbLdOWYDyDugJHanVGAqGs+ZxQeB5L1gRbw7erGsUbwrVIdZwRocqvjGYja/f8Brg+7HvRQejwAAAAASUVORK5CYII='),
(5, 2, 'evil', 50, 'data:image/png;base64,iVBORw0KGgoAAAANSUhEUgAAACAAAAAgCAYAAABzenr0AAAABHNCSVQICAgIfAhkiAAAAAlwSFlzAAAA7AAAAOwBeShxvQAAABl0RVh0U29mdHdhcmUAd3d3Lmlua3NjYXBlLm9yZ5vuPBoAAAShSURBVFiFtZdbbBRVGIC//8x0drdQCYQKKJVL29QEYyKiIhpTjYb2BS+xaEwEXrwkBi+JosGANdgQwegLJoQ344NgraIILShaolZACKYCQWkrtiWUFrCXLe3uzpzfh+223V5ixe7/NHP+//zfNztnzskKQNP6illZnhyZe6ogXypXBmQwtLzcbVGvMS5ZdxSUv9ZuABxPNqnlJhad1kzCB8Ki5HkafxvAtL26dYooTyNIq+/kZ5p+Hq8AQRBZ3fLK+xHTnx0vBsIA6jjPZlrAIkmGEiGnr9g4xiwYln+xeWPF8kzBWzZWlKK6dlBGpdDF2ggiqTEPI3uayzdvM4F8dOOm1+sFUQAtK3OaerRYhQdAbgfmA9MH5nWiNAlyAuzB5v5Lh+6vrfWTD6pyfsO7t1pj16jwAkpWCqZ90ZulubziSVQ+GVNZ6LCx+E7/19OtoC8Dcyb4sG3a37cnvHRJl4a81Si5oyriCfzo1Q9d69sjxnHGbqPkih+sdebOJmi9MEE2ALPdwoJn1PNgjO9KAe3qJivkVZr572z4E+TwuK18H1SQ8STHCHEczIxpYydVobMbVe3J+2DzIQOgfX3bNRGMclU/wPZeTTqHwxMWIBJGu6Jg01uqKrazG9vbB55XATC4+s6tXXecLHexiURAQGNxbHcUggAQbFsHGiQmJpDl4sy6HjEGmZoNrosmfOjtRQOLhMMn5m/bshjATc2ZF+tcei4xpS3ojs4Y1VB04nCAhI8AGgRoV096TrV/3szsO1O3JnXR0Pz3kuCv1ukai0HqfRsDqv91AQLgt14ANNkDwHEILl0iduxE+I9v6gb3AiFZJk2lZT8r3DWB3nHgR1SaBNuqGBexs0AKgXtg6DsfGcHFDjTwwXWuFuXINKmt9V2AxpKyR/h3+O+obHbC8S8X7N7dOVZB44Nl06zHClHeBIpGFURCEPXBD7IbEpENwFsC0FBSVo1QMg64H3RdZ/uM7UuO75jQQvi+uNjNi+Q+D7wHhFLj2h8juHIFAAl5F4uOfjdbzqxYkeMmQpcZ+6drx+ijBXs/q5sIeGScLX1iqWA/J7WD+gF+e3syKaBe7kzjxMPLxoFHjdqHrhUOUFi967BRWwJEAXDMUFLBNb2rjIi9ZazJIrJmYU1V/bXCU7GwpqoeZdVAU4ZtPVj0XgNm1AGj8HX+vk+r/i88FQU1lV8g7EWV4YeDiMwxCFNH8o2wfrLgQzTzhlpN25s1CK4zYGMjSo/l76v8bbL5BXt3nZRE4myakxAzWDrSKlW/mmx4Kmw8diYNhblsEEmzQjieKQGjejSdZeoNgVM3ouh8pgQCxzmVbiS7TMGBnS3A6WEGXZkScCRoT11LltNfVFfziwEQ5eNUwkpWTqYE1OeGIQHvIAwcx56yA+gBUA0y9udE1SQPPBEVcV8aFMjbX3kFZGuyirszJYBN3AcgofC3hXXVjYMCSW7PFuCkII/r8P1ykkLB2IR/m7hunx9JPJYaHxQorK6OOYEtA3KbSlaWTrZAw7KSjWKtQzi0fFFtbXSUAMCCA1VnVPVhKzw12QLWj68OwtnPFf20/4fh4/8AMQHnCDbHuQoAAAAASUVORK5CYII='),
(6, 2, 'Franken', 55, 'data:image/png;base64,iVBORw0KGgoAAAANSUhEUgAAACAAAAAgCAYAAABzenr0AAAABHNCSVQICAgIfAhkiAAAAAlwSFlzAAAA7AAAAOwBeShxvQAAABl0RVh0U29mdHdhcmUAd3d3Lmlua3NjYXBlLm9yZ5vuPBoAAAXOSURBVFiFvZZbbFxXFYa/dc6cuc84Hk9txnGitFVrpy7QXByUJq1amhKphKZCDShB8ATigQeiqlA1CKlChae8IIR46QO0iPAMKagXkihx0tCCQ9qGtilxEmLHsTOJx3M5M3Mue/MwnYntuZm2sJ5mr/2v9f9n7TVrb6GNHX1uT9z0nacQvQ+4HQi2wy42jUYrhVN1fM9zXDGMU4ZYe3cefHWuFV5aOV8/8PhAMMBfgNGVkLYz3/cpFfIYYlSUJWO7Dh57dznGaBUYNPntJyUHME2TaCyOr/yw4XO0FaZJwPhzj29G2PFJyesWsCxM08T3vPRrT+/Y11WAUvLAp0VeNzNgAeAp9WRXAaB7P20BhtRaTZD0CgT8D6xlq/8/BXSwJgG5+7caOmB69bWbSt2sDmZmbkWILo3e84GKRkt1l4pE7PIdd1zCEF33VQczM24qdbO+FhEWNt3bxBdY7lh4YJuy148E0n84THXtGm4+/FBKmybJt/5GcuIMN770qJRvXzdslMukD/8J0ZrsrseifjS6LnLxIn2vvkZ+40byY5sz4vukjhzF+Oc5rjy6A2d4RMHPl/DJ+NnJYcetftX15fc7vzBy8aXS8Z9o5Mf/XSE7W0EVKOgCEcInvp/c/eCJty/34jt7q64/GRDRzws8aWr/HuCb9aDQQoVorkLR1rx5zuOLY1Yj4cvjLju3WgTM2trz4ZU3XL68/RbmyFsuW0YDxKOC16MoJG4JMnH3eKJ/6StnKoAgGrCr5dGDLxw65cxWr1sDYdKT86TPZ5lxAtjzCdaevnbrmGb7GPjrHDFDAVBSBguzvUsw9mwvveUsmaCHcVecuc+HUGU9cPCFQ6euZbMz6b4+RCONHlC+lxBkg3b0MYDpDRmmN2RQSrP+us/ZgaFG8i0zLv/KDC4p85YZl7OLfOtnPa7dtpo5QyioAugC+DokyFbf9U7UcV3/hoYhpAaW9mpfxuL8RBmnonAqivMTZfoy1hJMaiCAYXQYAMsFBEPhC4L+RqDXer8tWmtyWY8Pz9icO13ELirsouLc6SIfnrHJZT3Qum24EZGs1rIvnoifrPsCaC5otG0FzDee+vbe371UOj5ST6EU3LjqcH3aJTvlMDft4lZru/fv6qGnr1aZjQ8nOHV4AQArJPSvtkgPBblttUXf4KJnhCn209/5+qGT71zIe66fFzGmAts+d+czwDOtFF98t8ybr+Rbfs3akTAfjXjWjoQbAtyqZnrSYXrSAWDLziT99y6N3fbZO18GeqBLDyi/dTkFEPSitW477tvlqFtHAfHepkEJQGyVSePzAUSI9ZgtsYlU6xwrEjCwJtg458V2933RJt9dG5t9PekA/UOdn5Id5RkmPLSnl4kjea5dcglFhbvvizK8OYJGY1eLAERDcUY2RRAN5/9hU7U1n1lnsemRBIYJqI8pACCaMNi+e1XzhtaUvXINE4yDCMNjUYbHmisB7fugSYASyUkbvOu7FKp5QEhFU6Rj/Y29efsGGkiEkljm0qGkRIMGEbmxPGdzDyjebkVeqhaZyU9hCCTC8ab9eDiBIXA1P0Xpo6NpCNdu7YcY48vjmioQiaWOV+ybV4A1DU3aJ2vPMZgcwjJrTTX7b5fCfO3dkkyZ9K8JsirSRyyY5Gr+CpFgBENMfO3jagdTTC8U07/qWoGvyaijRX6w2Jez50kEkw3yS++VOXOsQCnnU8r5TBwtcvm9CgCWaREPJsmV5wFY0AtoICjBX3xXvmIv52t7W7xYOvE88COonW9PZBWG1P7rStXGQGMUaI3SNC4fpX1y5QWsiEVBFQgTPrk/uXt7K56O19VvSuM/FfSBTph2VtRF8ipPWEJ/3594YnM7XNf78sXS8Z+BPPvxyMMT+xO7N3XCdn0PfCv24AG0PAv43bAayKs8eZUnakT/3I0cVlCBuv26MD4qBvsF/QgwBFg1Uo2vFS4Vv6QrjoFctrT1w+8lH/vjSvL+B7ufSX/Jd/4UAAAAAElFTkSuQmCC'),
(7, 2, 'Ghost', 40, 'data:image/png;base64,iVBORw0KGgoAAAANSUhEUgAAACAAAAAgCAYAAABzenr0AAAABHNCSVQICAgIfAhkiAAAAAlwSFlzAAAA7AAAAOwBeShxvQAAABl0RVh0U29mdHdhcmUAd3d3Lmlua3NjYXBlLm9yZ5vuPBoAAAPUSURBVFiFrZffaxxVFMc/584m2yS1SZvQglZaKyatv7C0UOtLKYIiiOCTICJFn/RNfPDP8MeDYKt/gNC3FguCL4L0pcGHtlBoaJWuY9vU/Nhkd7LZvffrw+xm125mZpN4XmbunHPP9zP3nrn3jrFFq9R12ln4EOyMxw63vGzdsx5MlSi4b6Yn7Lut5LNBA+OqphjWecS7m/kbXtSaEDm778zOzuyxW/8bQJzoEOgX4Nm8OB9guSkMWkORe336Cft1xwCxNEpDvyFeGQS2Jag2hDkaI5E7dGS3PciLd4WEa3w+qDhAyaAcGSFQbgX9WJg/z3lbKo8luo8xMSgAQBAsNQSGxuT2PbPXlrJic0dgrMHZXvHKoyoXLs/y1cWrJOvNjbik0eTLi1e5cHmWyqMqzqDkQMJapfBZnkb+FIjj3bcS5y9dYy5e4MFijXrSBaitNXm4WGMuXuD8pWtIInLp4Hpvr+ZJlPIBwgEsTeTMODHzFPNLNd44cYTJ8dGNsKnxUT555yQ/z95h/8QYZoZDABg6kCeRWwNx4r8H+zgXMsMSL+pNGHJ26+i4O5YVV/QVlPOc9+aXuTe/XJBCQ3ne/CkwK7dHss9uV/7hhyu/Y8BHbx3nuYOT/+3a7ifYPoAFysqYpIWVhFJkG/f97J2r5WrkOmXszfKdOnaQU8cOZvbtAISg0cwgimtgqsCfDdCpb2PXTgAmC/yFiYM0vC0ASQ6yp6DIzHXymJOUOdWZAH8lPElBBeeZo1sHfyzx4pYBnHF4u+KPJ28ZJ7cMABzaMUB7CGTh5W0AhJmdAkSd7KaXtg5g9vyOAdrLaAgu8yiXDSBeGFQoCFZb/Wt2qb0lB9P+LQHcXdQEMD0oQCOISr0fILJ0u/WB8lxdTw8MsGuE072+Sl3Ufcau1A4Mm7jNUggAtcIHAwNI4XRvu+a1qUBXyAgZvs6G5dGbAwMY9lpv26v7JpCOyHqPYmTpkW0zG2rvywpu08WoD+C2VBac6rRF+tdTdl2C5aZQj6Cz9H+gF2FxPW11CtGjfTel3YUAYw3OABuBiRfDkdGjTzNoIzGkhTZkRqtnVP5eEzWv9IRs6Ql5aCV8WghgIbzd215ah/FSV8wrFYweO6iMlFLYju0pGUuN9H44Sq8KvF8IIOseUiRY8VreV2a+86zalJ8YthhY6elWHSvZnVWP7zyYLPNw1Wu5t3jlLHpcr88kleLEfxuvhYU/V/UFpOtCnIQrcRLiuRW9BxA3dDROwo04Cdcra5oGuFltnYuTEMdJ+GlBGgeYW9HXNxZ9uFUN1+9KfYeTfwFKkKMktTg+ZQAAAABJRU5ErkJggg=='),
(8, 2, 'Unicorn', 50, 'data:image/png;base64,iVBORw0KGgoAAAANSUhEUgAAACAAAAAgCAYAAABzenr0AAAABHNCSVQICAgIfAhkiAAAAAlwSFlzAAAA7AAAAOwBeShxvQAAABl0RVh0U29mdHdhcmUAd3d3Lmlua3NjYXBlLm9yZ5vuPBoAAAVBSURBVFiFrZZZbFVVFIa/tfe5Q3vpYKtAGQTBNoojaDQYp4hCBINogKhxjhI1DomaOPDgkPjkg8iDL0ZjnIIPOBF9cIrGaDRiVAKorRa0lwttBUp7ac89w14+tL29t0PQe/mTk5y919rr/89/9ln7QBUY6trw+GDX3Y9VU8NUsxh0ucDyaipIxdTbNyT8Gdrn73WJSLT5pItfHaikTsUOHPaj9fntUa2GJFInuXMrreNVujDRZE5PtwiSBFV7AfB1JXUqdsDWyZmSHL7Xgruq0joVOyCwFCA8pAR/uWUV19mlmmz03RuCnI0wA8UH2nHyTeh4e16d7Bq/KL/99rNi5+0Iex0ANa0G6/mnpRe8+fv43N6j2hIZt0GRK4BWhHQ+QFQZiOplkdcwxHkish4ALa5rwehlA6E+0T7gtrbVmXWlRaPIW0WkpOcbbP3whxT6h24Eni7Ny/n6YKj6HMi04qSCUwidNqaPyA1GDOdPZY8nIoVI13YMxC+UzqfmSCY1b4w8HhggyqZuLs3ZN6g3oPoiMI1xcDrypOKu8kTd9GI7iBzhy5+gvf1IfQ3e4lMJLzyNMOaBnOrG3yHIZ6OLj+jz1zewB3VKkIsIchZ7spm5LRsumzbb++pykP2+Pg+gf/eifx5A8wU0afGWnUOsI8JFZ3gC0ajzbv9BtOsfCGJc7hDm571kPt7O0adustmD8s5AIb4IQ5Pr6uHoQR83ZLD1h0mf0kOQmZdR4bP+XHTwU+HHMxvNnHjLN7hfu8bczxcI6mthcRsARk1owOwZTZC+QcSzSG0SM70BqauB7j5SW7/FGr0GaALor19IYvqf1LTtJNmSRRIBB1IrhmtAc0PKLHe/7CkjB9AgJM4eKp3pMJHyORABaCZdtsA01iLW4u3cWzbf3nAP3c3rcIkmnHciucxtdCZuKcYF0F9z4168g8GA6IRMcSrpzMve3FrZlxuKt4DcLLOaIOlBEI1UEqhJoI0ZDviurN5vqfv5LXU/k6Gn4GiuS481mSgm7h0+KoKzFgCQMNI5v0F+MgA2No+KskPSCezVSxA71iDdKTP449YVxMp/hlPoWHw6sWeJu/uIc4chjIgvPQMaMnjCkGfk2lG3AOhVrYsKbqOq3KXdfc3hT3so1NbQsWghzlTWsU0U0fbulySPDOJfeS7RGfM1YfX7hLFrFkyT7jIBo9iWCx7KWLPJAP3RhMeOUD5AZKu66If6KJXNpzBiCzM19pY6dI0o1wG23BFBgSOBbr19QWJtaWzCWaAqd+YnEgN84Yx7YE1Lavcksc6R66339xcWGWc2A8Xz4XDo6A/BE66Z4FLp4KOs3wacPQnBZn+Wt3wK8jKsaUnt9md5KxCK3TNpho2OlNQrnX7ZH1SZA7GYSyaWlNdWz/YeOhZxKdaLxMDDH+6LGkHvsDLmqIi5CfhkdFzmgCJzy8e0e4P2nv9DXgpv0N4LdJRuNedYWJozbnvLrLKgysaVrVKoVMDKVimIypOqYw444cQpBYhovmTYMzTbvlcp+SiGZtv3ApWjRY7h/40pBEBPyejjkXdZFdaLxAWnxb4sRsp69Pg90FG8F22vlrxIqlI8lYy4si+pTICXsp8CheFF2sNxghXNwvBWtDa5aUoBK5ulH+WLkeTyo7EKKJIBSFp6bpsr+6YUMJL+LKCKtB0vAU61DSAFz4yPTRCwek7yO4X3gcuPl4BQpTVtJHfHwuRLxxQA4CW8+0Abt+WCJdWSv94Z3aKqCXHeqsnikwpYNV0OiLIaJ7dWK8BX90idNTduaJOfJ4v/C1HvInHKrrsqAAAAAElFTkSuQmCC'),
(9, 2, 'Jason\'s Mask', 60, 'data:image/png;base64,iVBORw0KGgoAAAANSUhEUgAAACAAAAAgCAYAAABzenr0AAAABHNCSVQICAgIfAhkiAAAAAlwSFlzAAAA7AAAAOwBeShxvQAAABl0RVh0U29mdHdhcmUAd3d3Lmlua3NjYXBlLm9yZ5vuPBoAAAUcSURBVFiFrZdLbFRVGMd/37l3Xp3OtLxBaMprKGmLG58EX6gQNCayUdwYu9CoCSSYGEGNLnRh4gYTNmJcsNCEpQtNjJqARhQXJiSYQihPoa0W6Mi007m39875XMy0ncctLYQvuZl7vtf/f7455zvnCncoW/ce3GJFfgEwqo8d/WzP8TvJY243YNjXnsEJfadv5+MfCRgB8+qLO74+W7DfDRT0+dvN587XcaioOzH6sVrtFYFF2dZpW1vS6YwZ7SyF+mz/zbLnCAe6ss5788krczlcuakLnbgeAbbV6gvFEt8fPwXAji2byKZTqMJEGbxQcQ3XRc2DG9vl4h0T+KekaxT9QWH93HOZkVJZmQjAiAaucZ7sysqvt03gmmom8PQ3oDfKHtiZYAViDatpIoRSqDgGPx4zufUtciUqz6xrIPDsIZBIcIAhzxITQVAmFTpb6hmkXAgtBJZEGNifgbVReSIrMFzUB9ToH7PZAazWj02EZ6hw0684Jo15OdcmXzX6RG5DdXT/rcABLhUtQ17luVS0kT6uQKzKrCz6SZRPE8gV1ZTj6TUgfSsC8xUvVIphBSjmmCVdWblea2+qgPF55G6BA8SdyhwVEGP7mvAaFaJ03i1wAKmtsaV7TgLAsrtKgJrtqtIRZQfgibcOHhTMsjUrl/Ts2v5Q96ZcxXfg73/45tifjIwWyKZTbNvcy8O90X3pxKlz/HjiLwrFEksXZtm59T5yHcvJ+0r/uascPXHy+unzV48q9t9jB/bsgbo+IG8o6l4YHKH/whCbch2UreXTw99R9HwABslz5tIwnXsXs2JJex344Eieg0d+RFWnx2cv/8vn7/cBwsClQfrPX1kMvAASAnug/i8YAPJx1/UWtlXWoO8H0+BToqqMFsabZp8vjE+DT8mE5+H7AQDtba0k47EQyFexqKvAsQO7uwGGSuWPQD4AaEkl6F67kv4Lg9NJ2zNp1q1qXibrOpazINNCfmxiWte9dhUtqQS+rzx6fw9PPdT9e1fWfaw2rmkRqppi7Xj3S9t4eFOO9kyannWreLfvOZKJWBOBVCLGvr7n6Fm7kvZMms335ti96+lKzqqPYAqNcU2NaLikryh6uAmhQfoLlrFKdcnEoDsbfbdRhdFqO04YPt/Q5rxZa4+KujwXOMDGjKE9Du3xyvtsUn9mmP5Ge1MFLqomE57mgeR8iMwlU60YBeOYRT1tMlpHqTFgjYgHnLgb4ACBrcwx5shoI3gkAQBEjsyaUOF0ofn0O12wBA1HtFUIqlvTEf02EipKOaTagq9XURbUgVdvQWNlZUGsPjQfKBlH6m5HU+U3oAnXLF+fkZFGrMgK3CMyoeiXjfoLRcvNsAI+FigTYeUZC6q6snJufKY6Xrny6zr6RxT4rBUAuKGa9T09A6wILAyM27qtNuIpTnVYtrA0OZOqv2BZ1SIEldnbRMKsnu1OOOv+WSRSANkH4BpYkarn2hqDVldIu0JrQ19alhTCsPIeMxyaDRzm8V0wVCp/AfJas97iVq9boVXuSVXmokBhUgktxA3nutqc3K3yz0lgQDWR9vQn4JFavW9nymeBRHUwHoBfVmKG/8pZ09Ej0nxy1cic34Y5Ed9NyjMI39TqRzzLjUnlhq+MeBYFilVw13AtHTO9c4HDPCowJapqhjz7oSD7gUStrawwPqmECnFHjm7IyHYRCeeTd94EpmS4pKsV+7pRedZX2eBbdcuhDcThZBLn7dVZ+e128v0PmUQYOdmAC5EAAAAASUVORK5CYII='),
(10, 2, 'Pirate Scarf', 60, 'data:image/png;base64,iVBORw0KGgoAAAANSUhEUgAAACAAAAAgCAYAAABzenr0AAAABHNCSVQICAgIfAhkiAAAAAlwSFlzAAAA7AAAAOwBeShxvQAAABl0RVh0U29mdHdhcmUAd3d3Lmlua3NjYXBlLm9yZ5vuPBoAAARYSURBVFiF5ZZNbFVFFMd/Z+59X6XQ9iEUsJSPBqxAgDaKgiYGTBTEKCIkRIoiMcQYPxagMZJIw8K4IZW6QKMrSYhBjOBCW4MVE2UBBhVFSsKHsQIKfYXX0vd55x4XLbS1fa+l0IXxn0xu5pxzz/xm5s7cA/93yVCC1u1sHC9pFljf3pHybLX1fFeQM6r2wL4tT3w9IgAb3/8hkEq3bfB9XSfCQsBc8/mqpNNZUuksiKQdI4cI88z+TStabglATX3DcqNSpzCjt72kMELFpBLOxzo4H+sAIJHKkEymQUSDAXfvvsxja6gVf3gAqlLzbuNrovIWvWYMMDFayAuPLyAYcFBVdjf9yrHTfwHgWUt7RxJflYDrtBQXa9VHL66MDQWgzyBP1zfWicrb/7YDVM2YSDDgdFGLcO+dt1/3uY5D0ZgCjAhZz06+fFlOra7dU3hDADU7Gp5V5JVcge2JdN6+YwyjC8MAeNYWZwKBH4cC4ACsr/tyqoppANxcgediHZRGRzG+uJALsQ72HDxOOmv7QSiC51msr9G5S9e6Jw58/E0+AAGo2dG4S6BmMNpw0GVuxQTOnG+jNZ4YMEZVaYt3oqo4RjJX/WjRwdrFqVw5zdr6L8oEnso38LiS0dw1q5xUxuPwiT9pjSeoLL+NedMn9J+RCOFQEADrazAauvJmvtxGfLOCAT663po1rZR75kzh4YWzKCoMs6RqOqsemE3VzP4AAKFgz05an9X5crsisixfAMC3R0/x/c9nWX5fJa+uuZ9LVzrZ+fkRYjm2wXUMRgRfFc/zp+fLbYC8AQCL5pSz8dFqyqKj2P3VMc5evMrKxfNZcvfMnO84pmtRfVVTU9cwMVecC0waDCAWT3ApnmDvweMo8NsfF6munEyo+14YSMYIdB+Szmx6HnAhF8CYwQBOtrRysqW1j+1oc/5rX6TnkjU29yTdZX83H4rghwvED4VEgoPBDFU2k4761oYyxvGbKfE+zQWw8OLpRT3YgOMgjguuA45BjAG3l22I8lNxNJEEYHa2w92UC6BPTwHPop6FlKbUy7Zqxo+RzXZis756NoxqEY65agLBuBRElEjIMQWRMJFIqbhuOTK0GuM6gCaSR9TLJjXjqbE26FtbhGopMBYo6259ZS1+JgudnV3dbrNApxq5YFy3TUOhCAG3xLhugZ/OduQCkFPLVuuNEA9HTsXUw87YaLOqNmVM5rMZtbXt1wFOL121VUUGPYrDlRREHnGnlE2S0YXXbtt2lNfLt72xE4ZYEw5XZza89JAYaZRIGBMt7utU3Vy+bcv2EQX4/bmXP1FYhQhmwriuE9UjD2sr8/6Ebl46v+uh6JV+36GL4zw/ogBKT3GqySQkM9sRktdsIjw4sgDKL7270h6v8zNaIcJW0O8U/Jwl2K2QCLuAJwEUmia/V3eu27Wtu+UvRG5W0z6s3w/SBFgRs3mgmBFdAQBrnfWO41VP++Cdn0Z6rP+m/gEmf6aGkgEV8wAAAABJRU5ErkJggg=='),
(11, 2, 'Spartan', 60, 'data:image/png;base64,iVBORw0KGgoAAAANSUhEUgAAACAAAAAgCAYAAABzenr0AAAABHNCSVQICAgIfAhkiAAAAAlwSFlzAAAA7AAAAOwBeShxvQAAABl0RVh0U29mdHdhcmUAd3d3Lmlua3NjYXBlLm9yZ5vuPBoAAAT+SURBVFiFxZZbbBRVGMd/Z2ZnL+32trCXbtkWewFTUlDgoQokVoOaEp+MjZHEQiDoE/JkDE/EhEQx0fBAYjGKMUahCQ8YI4nFNCnWQFIQWmIDbaXt0krvpdvdmd3tzPGhl7Td7cUS4f905pz/+f7/+b4z3xx4DDTf+bvu97auLx8nhljrxqabHV5VU8KAUBGFlRXFA0/EwFcXLlcbhnE0mO+vDOT7cwAeDgyM9/cNXHc4HKePvF19+X8x8O3Fhn2WtE5GIpFtiiLYuq0Cm6oCYJoWt1vbME2L7KysW6rkeO1br63KyIoG6uvr7VEl9yxQG9NjGHGDTZtK8eTlLeCNjo5xr6MTp8NJhisDITiXYY6/X1NTk1guvrLcYl1dixYVuT8DtboxLb6hIJgiDuDx5FEQDGLEDWJ6DCk5GBU5l040NtrWbMCxbuxTS1p7J6MRdMMgEPCzYUPBkvxQqIBgMIARN5iMTmJJ+XrhcPKT5TSWLEFd/eXdViLRpMcNIRTBM0WFeL3e5WLNYXBwiO6eMFJauJwuqTnVlw6/ua8pHXfJ9BjR6HnTMsU6j4dQqACHw5HCae97RCxpsmOjZ8G8z+clJzebcG8fI6MjIp6wfQ8UptNJm4H6hoZCaTp7/N71aHZ7WoP/jOtcutnHZMxgb0WQbUWetLy4EWciMkFC6GU1VVWdi9fTZiDXHTiR6c5IG3AWGQ4bMT1OIjlFIHdprk2zYbc7cCqu88DOVRnIdGfoy6oDOS6ND6rLsSRoysrtRFGV1BouZWC1UIVAXXMzn8aynyGAaUkeDI2TNM1VB02aJg+GxjEtuSLXBtCny0MCeRzgUVIGJwcHOxN6DIDOvmG+a2hBVQT+vCxCvlxC63PZHPKR4dQAiBlJ7oYHCQ+PEx4cZ2AsgmlJal/dSUn+9OFUNVuwfcLUczTRDyARJwtc4pvpEghrM1IUA1gmCHDOOvTluecy0T8yQf/IBNfppbK8iDcqywG48uc9rrf3prydN9c9NxYI1TJxolE8o/nsXAaUpPKZpfErgF0TWyPJxAtAKUCe20V5kZ+74cEFKZ0yrbnx4lSrimBzyEee24U5UzrLNIftmvKxFLROa4rbcwbys8QQcGVm/5Xmtq4z8wPuf2U78aTJ1bYuGm91pbzpfLz8XAm7K0pwaOqCecuy9DK3+Hwxf8VDOAuHplJWsHIrLi3wpogvh1UbWIyoHk87/q9Ycx9o7x3kzKVmAPpHJp68gccVnsWaS7AaSCnp7u55egaEEAQC/qdnQErJyMjospz0Z0DgJU0bV6btmsBDCQPAw5mlgAA/EFAU5r5BIQRZWe5ZNzmrMtB4/76TiLkLkfqb83uyB5Kaq6z51KFIumC7Pvw6K+DJ6WDaDADxeBKXS8UyreAv1zqyqyvLFpzclBLYo+ZRhAimE7Crqu/Ugar0Vx/g1IEqj6YqvgUCigICLClVTU38uHhPigGByGQ6zekg5JSsXcrAzNqC1Pl863HYHYBAWpZ78Z6014mmv7rz1SnzXQSHmfkpzdsyklD0jVVbtkzOn21p6c+IO/RuYHG/DkvkBT2auLi3svzaqgzMx9XWzh2KohyRUu4XkDmz6diLFSWn5/P+uNN1TEq+mHmMI/hJsThbWVH8mxBiyZvJip1wz9bSG8B7V1t7PlIU8x2kPIgUzy/mSSm3C8QNhDhnWuoPeyqKxlaKDfAvbRLaqomDV5AAAAAASUVORK5CYII='),
(12, 2, 'Top Hat', 65, 'data:image/png;base64,iVBORw0KGgoAAAANSUhEUgAAACAAAAAgCAYAAABzenr0AAAABHNCSVQICAgIfAhkiAAAAAlwSFlzAAAA7AAAAOwBeShxvQAAABl0RVh0U29mdHdhcmUAd3d3Lmlua3NjYXBlLm9yZ5vuPBoAAAMFSURBVFiFvZc9TBRBFMf/b2buE05yChGw0MIYC4xGiYmNnUQLAxYYo4FKQ6KxUAuV2sTOiDEWNMbYmnDGj4CdhRqiiYmhU7GQRAwIwn3f7syz4OBud7k7CLu+5m7nzc7/t/95OzNLcMXgg/GjzPQIwCEA0p3fTDAzipaNbLYAIWQuFBGXx272PqnuQ9UX/ffex6Iy/R1Ax1aE3ZEvFJHNlyAFaZUQralrZ/6u5kR1x5jK7vdbHABCIQUA0IaltOSp6pwDgNg4rv2LitG2IYfrTgCBbBDyzFwRFGahJoDFOhM0gNJyriYAKxO4AyFN8zUBmmV7MA5U/U+3mdoOjA51WwBK/hNUEF4Mnc7VBCiH79NgyvokiN05LwDB92lYrQEC6cYAHMyrCABE2BBAYA4AZDcGIP8d4HIRCMBqCEAg/x0ov4hMVGwIgADegtUZIEJjAAYH4EAZAFxoCIAgHCjXADHyGwHwfznmtRrwPNz/WQnLvwTeAAB5O2011lZCITzueouQvZ22JF61FzJjuSGA7wuRY/thD4ByN3SVFhcSxvpQb8y2ZCaW3J6JA0BE5WUi9is+O9+5ND2zZ9EjoO1wPL+4DwB+YttsqhHAucy0JZiP1RKXCRvJnhmQqDyazv7A3o7JjoMLJ2DPbXPeYNvQf1YOQbIpnh92jeeZAon650KRsB3iAEAyAoChWtPeG6oOI1rQgjvtATBa+VoDjhMxjAdAAcDgyMRVBk5KE76g599llKjzeeDZ0YG1StPkTZkKgCQ1d/7Oq91pFD8qId+ODff208D98UsgGi2P86mruHTlbP7bs1r6QjC19PzeoVrs0EqLDdZfJSxlFl8fn9WWNI4bCoVobjmXzEJRqv3AxS8Uf6i1bgKASFg9VQzRRqtPQOieirZMTkWP1HYAACbXbZVoxi53Y8mykY4VwWwAg8cuC3cSAAyMTNwFcKu+6uaCmZErlJAvrH/IDofV5+fDfYfXJm1w5M11gG8w0LlV8ZJlI5MrwhjjyQlBOhRSL1O3e/sA4B/VVzmhgFfHdAAAAABJRU5ErkJggg=='),
(13, 2, 'Viking Helm', 65, 'data:image/png;base64,iVBORw0KGgoAAAANSUhEUgAAACAAAAAgCAYAAABzenr0AAAABHNCSVQICAgIfAhkiAAAAAlwSFlzAAAA7AAAAOwBeShxvQAAABl0RVh0U29mdHdhcmUAd3d3Lmlua3NjYXBlLm9yZ5vuPBoAAATMSURBVFiFzZZLbFRVGMd/59x7596ZKTItU6AQoMbS8pIIkqAJIiZqVMBYE0BgYWKUlS4xcSUrjAuNsjNujAsTDQGlRBNNRCAhvOIDE0UBqUYKbafT8ugMM/ee87mYaWemD1qREv+7+/++8/3/59zvPOD/glymY24u0zH3butogEJ23zLPMyc9J2yZagOeEy30XHOi0HdgKYCWro6E0nqvCDPc1JmjU23ATf10RKBROXavdHUkdJg0LwNtgEdmRXKqDZQ1XGBRmLQvuQhbyyFd9OQZ4NPJ1Dn85rMfYHniZn6wQaxceurdb5dOZlwxZjcoURoAkW0aaB0KKthT7P9ixURFLhzd16qEHbGkvjeZik8Pw+KS7z9+e9WE4gMdK5Wo96qoNhfwq4iZKDkRDnx+EOwvNry8HKwLEDnzUrnYiih05s0xuav38c1HJBpcTKTo74b6dVtOXc7vPI+50h8rXvDrzI+XSiV1pL2mM6CXCmY94FXpxVzgArC8ivTEFtpt9Gc7toBx0uT9tRS9xaNmdPVSkSgMh78FWnBmk3Fnk9ErlzeGX5Ewv2JkcKN2F4D2R5Y4r0Vkfw1l80j4B9gCef8RrtbtGFMcIN0aZ2ZbYhRf50JEQJfbTre/HWyhXDNfk6cU+3VMee8DmZJ4AQk7scBgop18sBZQY4oDZH7L03M2N4pXCpIuCHCNBfwdvIrBRcJOkOJQWo9rZY9WqQ39SmQTSM6GfyESkYuvp+AtGVd4CPXzfRqagzFjMUfh6ZL5vNxDl/8KIhE27ERhc0rsZlXfPqABvPr276z0bgXJ5f01FLxlAIQWCnZ8A9d7Qq51F8eNOxoioWxiGt3+NhDJGdvzglf//GEoHQgABPU7DnQX5GFj5QdARxZOZy1FK6xOOwR6tIAXaHTkjCmeN3A6a9BA2zSNo+AazYR1r29vSaqOobyassbK7pHcraBjCh0bu0dUmdYjwmFoP6z+Hl6BrkF5EGT9cEDDqgaNBfxxLOWzEaZqG1Yj0PBQ2kEEBkMZ5iMhfe66bF44TX0GVbNVjt0EYAV6C6UBnq6IZ4tCOKIfUgt8Us3x2hnaUi5l44FTWoWBUJCyD2PNzqH8YQMi6jmAMwOWYxnD5XxFra8oHO+znMpaKnOB7IWb9J2vbEMBTmUtx/ssfcVKZrYo/HzNcn6wVNOi7q8xcLFfUpRuRBoD8B3FNK/y85KuIu5A2q89FWa0BKQXVg4iBczwIe6UxgxhuqdwtSJVrmks/sW8NEO5B4IEc6Q84blxTVNQ2zyBhkcbnVEN1X+xUHMUQ6njF9bVjk96sDqlazhjeQDo1ABWmFNdZKTQeJw1gjUyYa4ag7PGtgKog6+t+UQYfhNMiMyNAkYUrfNnAxCFIYM3rtN7I0RhSdeNunBGIRcaBnIhvut0aoEtkxW/U0i4pcOrEJlmza1umymCVClqkEN320AxMgDEHJ1181fmPOnN7Z3nqWhSR7Af82bFPWcWUPOOaKjzXswV7Tnl0n2r8Qajw7xpigeBBP1NJ29r+Y+88XQjntcDlSasiyUWP/bO12f/ba1JXzxThdsyYHx31OY3MfcWL4c7bGDdro4+lNoNhCgiNxY79vhbX/5+O7X+Ew7t2rjo0K6Ni+668J3EP3+++8tdMsFCAAAAAElFTkSuQmCC'),
(14, 2, 'Witch Hat', 65, 'data:image/png;base64,iVBORw0KGgoAAAANSUhEUgAAACAAAAAgCAYAAABzenr0AAAABHNCSVQICAgIfAhkiAAAAAlwSFlzAAAA7AAAAOwBeShxvQAAABl0RVh0U29mdHdhcmUAd3d3Lmlua3NjYXBlLm9yZ5vuPBoAAAPbSURBVFiFvZZbaBxlFMd/38xu9jpJjNFcqm2qlogIQSlYxYcKxZLaNNrSKoKCoOZBCBUkWvVhQYsVFArFBy/VBxUxFdvSB0F9KBS0bwWlJaEtJSaNSRrpNt3b3L7jQ27d7G52dol+TzPnnO9/fnPON3NGUccaTo23mDhfIPSKSDSbyTIzNYsSZbdY7e9lIuGPBo9ssoNoGfUAmOJ8gvAMEFVKkbSS3NHeiiduJO/m3k867unPX/6z7T8BOJ660gzsXmm3rCSGaWK7OUTYYhjm718OnH9gzQE0/tNAQzlfIhHH9Qpo0QAbRdTZrwYu7FhTAETtreSyGpMIguMVlkxaOHF0YGTzmgAslH9bJX8ikcA0TBw3d6s5jOgn1gTA134/Fcq/uJoarYLrOyIii6YbBuapNQFQRuXyL66WttZfh77bZqDtLiVqq4d530ufdY9U1Aya/HjqSrNGTyFEqoQ6ETvUvvPQhutBdANXQPB3BUgO0GA3+DuD6gYG0Kuc/lJVCRwbqAXfpC42xsSYBqIBVW0/T9u+D++9US00UAVi2uwPnBxAiIQiBGpDIAAx2BM4+cKyHf1KkLiqLTg5NGJ5sfAMtVQAyKZdHU2q9fsOdl9dLa5qBfxoeFetyQF8R4xClgPV4qoC6AAfn5I9nqB9QTwpmZo1AZwcGrEU8mStAE5BA+C5umP4ndF1dQN48XAfQqxmgLw/fyFg53irbgCEmsvvFjTaWxpE+FXaUBFgOHU+iWJ7rQCFrFd079u68+u3L3RUig9VJNPRPlRx+RON12npHCv77hqmTTw2yuU/HmZ6bFORT3LmAWCwJgBlsBcptj3y1LdEE5lKW9D5CdZ1/cyxI0eLATy9pyaANw/90nTVzyz9y6Ulj43PjoXk50bvZuKaVbTnrtY5ejbOoLCZjKfRstxdpVTH/v3nmg8ffigdCGAypnsnmVoavXOZPI673NuDP7WT1U7RnjjtHHtt/vq35r+huHwKpbYD36/MVf4QVhm9/sreVLAVa5Yf0SUAr356Km4o+lbTKlc2s8pYMVD9W1PDyapaW6bv2Z0xvfCttrQUcEPLLXi3d4q/rln4Hoief/Kuttkl/2PpjqIzsJirtcFKnYY3VgWIpMOvR6TYfPvCLMrftIhZN+npnqCnu/Qp/byDEKEz11zqBEK++SwrABTAj6lLD4LxoghNds57HFHhcgLJ2/4J37l+LK6UXyoeKqhk46XI+MVH52bG78+XJRAxPE/nEJUPhfng+Y+7T6gfUpc3K+EMdYzcepbnCpnZ+TcoEjNeMBTy3P+VHCAUVjTETABE1OC/3Ipvo1edKK0AAAAASUVORK5CYII='),
(15, 3, 'Underworld Warlord', 80, 'data:image/png;base64,iVBORw0KGgoAAAANSUhEUgAAAEAAAABACAYAAACqaXHeAAAABHNCSVQICAgIfAhkiAAAAAlwSFlzAAAB2AAAAdgB+lymcgAAABl0RVh0U29mdHdhcmUAd3d3Lmlua3NjYXBlLm9yZ5vuPBoAAA2MSURBVHic1VtrjF3XVf7WPo/7vnfuvCfj1DYex0ZUIuCABapVm6TOuEps4hS1UWgRnUotbQlFJE1ApZ20tImFUGgdu40cz/RHIOqQ1MEDE9sQUhQqlbZpjLHz9CN4knnPfT/PPWcvftzxnfs49zVzRohPutKcs/der7P23muvtYewgeCp77gsV/QwM98Lwm4APQBcTYZlCZiRwKuC6YeKws/TvlFzo2SkjSKc+6ev3KF61O8xsG2dpN4C44vaHaP/6ohgVRAbQTQ98eCINPLHHVAeAHaAcMZ46dE/doBWDRw3QPIf/uwwg59mEn0OklUI/G3zpUfvc5AmAIenQOb5L2+SlnUBQFi4VNb8HqenWEoV2E77RuecIuioB0hL/imAMACAmxuXrhug60Y7LPwW4ytrk84ejhmAJ0Z1AJ9si/kbeYg3c+3xYdzHL4+qbQ1qJINThJJI/ibAPS0PSEtQ1AQtW6CUbIdVZwG4rW0B68AxAwjiX2qr/3UD4OLfNN3WNIBgfKCtAY1oOUWIQf52+pcrTdcLbfGSQHdbAxrAsbn0WvymUBZK6dnt0hHUO2z7ajkDvxI5X3qmqIU3E1thurSmfBhglSz3+iUuwjEDXDE6UsyrC7+PNGTNTtu+vlwaYF59wYxozo+M4muFFZGQ7blMAzhmgN3+aY9Z5gGKS4dfT9l37gSy/T545tIAgGy/H5vDCy3zEiRbslQrcMwAN7sSaaJVDxC6Ck3L1h/wYR3WbLG/NqDiJjHfMi9mSq5Z0Co4ZgA7MDPevhxDLm8BAAb6vOjt8RYbBcCDtXN+fiGDuYUMAMDtUnDLUAfKDes0HDOAhKrERBcARpdcBABEY3mcv7BY6jM3n8adt29uSOf8hUXE4vnSc2+3B+Fwcc1bNMOQEOhUEo7J7YhpTx4/uaPXr53WOnpv6bFmsaNwEUJXoQY8uHw5ikzOAgG4acCH7i5PQ1pLy1nMzKbBALweFUPbOkpCXsoNYc7qhkbWoiHFngOHDry1XtnXHQeMjo6qxPRCVmo1wQkB2D4UhlCA/j5PU+UBoLvLg/4+D4QCbC9TvhwFVnoIdHpiYkJfr/zrNsDmns0HAOxkErZ789x8Gs+dfhunXrzSMs1TU1fw3Om3MbeQrt+JcEvAFRhuV95qrNsAkuVO24aVbd6SxT9Mk2272cG0in0tq/EYIvrllonWwboXEwLZ5vikVTzg9Pd68aHdg7h5MNAyzdv33Iz3ZpIY6Gu83TNx89CxCTZuG5QSVs6A4tbxkb2bAWbIggnmpl8VO4fC2LndPop0GhsaB5jpPGTBAojARnPlb4AEQXHrIFWpeN/q+HawAQaoXLelsZrRNtQACqq34WjNTEM3UzAz+Zo2qVmAYjNoHVi/AQgVnyUuOhEV3dBQeca3hI73evcC1GTdZYlNCz+CIivHF6AjLiqnhWCxbpdwwgCLYKBQKB7QDNJxSf+1mm5CEQiVKS+EgBD2xnjdfRss02rKmolbP0DUwboNYJnWlKIoeSNvuOLROLx+r23srpT5rsfrgcdTPyiKRWOw0NQASSHF1BrFLsGpUPgLxHS0ET2X24WhnUMgIoQ7ww3pXX/3OgpGwyO/xeDPHDh44PtrErgMjqTERj4/cozBwwBeZOaIlBJ2PwCtmZwBlmz3ixBoion3OKF8q+K0hSNfPXI/Ez9T/d7r92L3b+8GCUI43NgDXv3Jq8ikMzXvGfz7I18Y+TvnpN2A0hgzO7xRrYKIHN+2HSfY099j0YpjmaaJeCLe0opuB1VVEe4OQ9OKES8ROV4m39BIUFVV+Hw+JOKJivfMjNd+9hrSyeJpzx/w49bfuLW0e/BKaBEIBUrKbxQcrAuA+DN/8sQf/Nd/H99/5SrcZvFjKaI4I6q9QJqr1aDqNqtQfFZUhQFANwu47Z3LuOO1Xxzn0W89wWDH1i7nPGDkgTsBfEmRjMFEEr86N4//3DQIYo4DCBl5A0begMvjAhFh12/tgmWtKKoopa+fz+VhGMUokFhGAHRtm51DVzIBAEEAX8Kj3zqDr+GsE2KXPOCpp56yrba8eOrFLS1lXgSC5Y87liN/7yJX5y73tY9/bGAG9/a/j1DszVI7EUFVVaiqWhE4uefOY692AXu1C7g5+tP7TWF2Di4tPVvBi6np2XpiYkIf/+74Fru2ycnJkq4lA2im9vrJYycfqe5MKp0IeoJnpqamgtVtFXDzP4Lw8srT+0rB/Ob9n78/2qVkk7qQ0IVEx/JFuDJLdUmI+Az0934GFSZUmOhAKnnXXXdFFaJvAphZ6fZv6PRPNhLlme88E0wtps6w5BPVbWcnzz6isXapxgAABIEeqzYCMwsw9glT/HhycnKwHlM6ejRPJ779O1DFJmwKb6Hxo6/XdGIL4WvnoL77Y1ChrCxu5qBOvwrt4ilAWtA0gVBQy4SDqgQA+uojlzDQtQWq3ESjf3E7PfBA7VFxBSf+9kSfoRgvA9gHrlzjzk6efYSZH0PZmbK0BjB4mUBdBHps7Mkx9dNf/PRfVdH+oMbaK+cmz925/+7979Q1xPeeeL/8+Z2IsmVHZ1n5W5pQrv8cyvQvwO4Vp8rFQStnfZeuwOdRAYL3fMR7K4CfAAB99rMFABW0a5Q/emKrIpSzALZXt509ffbBFeUBoJSrL1mIQKsnK8I3xp4cs7uJsVWyfOXM5JlfbyRIOd5YwicAQNcEwiEX/D4NqioAlqBsrPhjhqoK+H0afF61FJ++l9Q/0iqfp7/79AcVobyCesqD/7rsVemKzeouQHgLjD1lz984eeykXeDRB8a/n5s8d+/+u/efqyfQg597sBcSf76YkXczALdbAVHRELomwAxYlgSIoAiCXfFnPqfc8/jXHj+ikPI3D40+VLd4OH50fC9LfgFAqEb5VbdfBaPkwSW248fHf4+ZJ6oJ+AP+q8GOoN3lBwPAJ4cPDk8UaTI9/peP3ypIfDQZix/KZnO7UFxX8Ie3AZsbh/81WM6pePZKaZB0u91vBPyBSVZ5YuRzI+eJiFfk/l1mfhZATVo+GApe9gf9QzbkPzZ8cPj5SgM8Md7BOi8AqAm9AqEAAkHbncdKxpInrly9ogD4KBiDACClRGR+mVVNI2/Ai10DFj48UKdSXAc/mgngYrSoExGhu6sbJErivs/gKTByRPRHsIlnAsEAAiEbmQkFl+nq3XfPvliFAQBg7NjYCwAO2QkUDAbhD9lfApmbncPczBxAyOmKvqCqam9BFtw3zvSCgMNbouj3thbKz2Y0nHq3AyslBXg8HgQCrafV/QE/gh11d+0Xhg8O33PjoWKbYOKxeqMSiQRScfuv2D/Qj8HBQfR297o7Ojs+4A/63R73asZHMvDP0yEs5ZoHngtZDVPTwZLyANo6DzRRHkRUoWOFAaYXpqcINFtvcCMjuL3uCn+qTotlTYHnr4Xx8yUvDKt2xTMk4aeLXvzw3RCyZuURRTRLpK6gmfIA5rtmus6Uv6iRZOzY2BEAX25EpXo6MDOWF5ZLMTwAZLNZJJP29xg0AfR7DYT04lkgbiiYyWiwpP0ZJxAINMwhAi0pDwBHhg8OVwR6NT6psHLSIushNMgWJRIJMBiBUADMjFgkVqE8gJrnchQkMJ3SMd1M3DJajQzQovIgou/XvLPrOHZs7BUAH2pG0OP1wLIsGPlKZU3TRCQaARws5HR2dkJVa9cQn9+HULhm+7fDfwwfHN5T/dJ2chHTeCsUs5lsjfIsGfFE3FHlgRWvk7VEc7kcTLOF3YVgu8DbGkDJKj8A0PZFJCklYvHYmlNgjWCaJiKxSCmHcAOWaWFpYalZGj2Vl/nn7BpsDfCphz6VJlBNVNgIlmUhGouWKkQbAcss8qjJLlkSSwtLyOXsL14T6AeHDh2y/aB1N2YGjwEYaUUws2AiFo+t5v7LmRPB4/VA0zVQi1l4ZkahUEAmk6mZStKSiMQiCIVC0DW9YkxkMQJfwIdAIAChlH1bae/+QJO6wNiTY7Mg9Dfqk8/ni/OzqnStCAW9/b3o6umyXbxagWmaWFpcwsL8QunCRUlwIgSDQbhctfcziAgujwu6rkMIMXf4vsMD9Xg0loxwFahvgGw2i2QqWfOVNJeGbdu2we0pxvJCCCiK0noZhotTSlVV9A/0I9QRwrXL1yq2VubiYhvw18YIzIxcJodcJgcAVxuxWtOnYclIpBLI52oTM0IR2Da0DW63G0IIeP3eNae2C4UCMqkMPB4Ptg5txeU3L8OSZfOfgWQyCcMwEAwG13Shsr20OBe/eiQasVUeAPr6+0rKB0PBdeX1NU1DIFSczx6PB739vbb98vk8lpeXkU6n275F0tADjIIhWDKklMgbeRSMQkMGRITunmLC1ef3lR9f1wwhBLw+L1KJFLp7uzE3O2crg5QS6XQamUwGuq5D07Qb6faGGe2GBohFY239L4vX54WiKBBCQNWcKzlomla6TOHz+ZBK1c8tMDPy+Tzy+ZKHNvx3FEeLo7peNLaiOF8fvUFT050tlTlqgJLLb8Tl7hukHZhW5WhmgOuOcvs/ABH9T6P2hgYgprFSqfb/IxgMiZONujQ0wMNff/hfIPAJEC6Bmt9aEiRiK39uxL+7F6p41AfBItBFBn/84a8//FKjrv8L1BlG4p8lyD4AAAAASUVORK5CYII='),
(16, 3, 'Village Hero', 80, 'data:image/png;base64,iVBORw0KGgoAAAANSUhEUgAAAEAAAABACAYAAACqaXHeAAAABHNCSVQICAgIfAhkiAAAAAlwSFlzAAAB2AAAAdgB+lymcgAAABl0RVh0U29mdHdhcmUAd3d3Lmlua3NjYXBlLm9yZ5vuPBoAAAqjSURBVHic7ZtZjGRVGcd/391q6+rq6enu2UeGZdgCSFQgLI7ygJjAiwnqC4mJopKALJqQiDEVAioxIBE18KLgiy/6REzwgX2YzIIY1gHGYZkeeqa7p3uml1pu3XvP50N1V3d111RVV90Cif5fqk7de777nf8559vOLSEmvPXQLd9B9W4DFwjYjmOZdNqzFq8b1Wh+zrdFpJTNJlIozM6VAejPJkGWZA30J2Ysi9zcfBAGoXGWPSYAOahqHv7cD37/ZBx6W61vaY03f/29+1T1TwoXCdgNZWvt91Qreaqaq3ZRZ8UlF/RiEXnio8dvy3epdgMlO8BbD3/3bBF+Gocya4EI9370x1vP7FZO1wSosa7TpVn/JOFIYH2tWyHdEyC6rlsZnUMGu5XQNQGiIq3v6hGk+2fHYgQ/y/g/AZ+2Ap82/ucJWBloxAbLtsluzOFmvJqtWhdGgOA4Vd5zYVRVwqn3oq5rIQIDFYNf8ClMzGEi0xM9e0KAl3TZctYw6c25ruQ4QGp9huymHJMHjxOUKvEouAw92QKbzxjETcbHre3arD9npC5fiAuxE5BMeyRSLpYTr2g35eJlErHKhB4Q4Hk9Mys4CTd2mfFvgV7GhaKxi+zddAEoTByZwrIs+gbTJNMetIpeVSkXK8xPFzHGMLJ9sHWfLhA/Act0LcyUOPzqaK29fssAOy87o2n39/Z/xNTYqVo7k0uRGUhXRfeAiNi3QKY/WfueziXZdv5G+of6sB0Lx22dNTueje1Y9A/1se38jaRzS/WTZH86bnW7WwGaz1tjwzNnGjUIQqovQf+6JYVFhK3nbaQoJzj7gi0Mrm9ZDOLMS7cxsH2IqRMFtp47VHctPZQBaxh/1gdVRKyz9a28JxfmOw4QOl5T+lQ+HWb4B8rVDQV7DnZ/ivHj8/z2oZfZtj3HD2+/oi3Zjz26l9EjM9zxk6sY2dDX6vb99M/tkh358hqHAHSxBYKU3Hy6wS9HpRLVfbYD34/qPlvgMuayN7ctfAU63gJiMUgbXmnT5ixfumIrO3a0X7zZde0OPvrgFJs2Z9vroDrctvAV6HgL+M/lz7MMrwFeQ8Gejd0Do9UABbC/IJfc+W4nnbvyK5Xn8ldguEPgHBEGVdlRE+zY2AM9I+ADhBMY3kOsh+WSu17tVFBsjjV49r5dqHm+JtgW7HUtDVhnEPmKXHz3C3GIii0OcIzz5vK2GgVdbSQ0UjANjIfR6rV2EDpvd6RkA8QaWgXP5N8Fdi627f4Usiw5UmMoHR4HS3AHs9ipqvmIShWC6TkwkDprA2I1UUt4Wy7+8YVx6RxzKCx/Br1/saWVsI4AEQvxHEw5oDIxs6q3lXTbCPvlL3FpCzGHwo6lTwK1qMz4Qf1yF0htH8LbkMNOeYhjV41lysMbyZHaNtwq8SmhwRNx6hx7dhE8m38AXTortJIuVl+yWZc1QH4hl9x9b0zCgB4kQ06BBwQOL7aNH6BB+1FgE7xDIvhVHIKWI3YC5MZ8MbK4AZgDQCGaLTW2/O1CKWFZ35Dz7pmLR8sl9KQomvhq/p2wWPmlLrpBVcJThfbd3DJoZAgn534uF911MGY1gR5WhEzRPxhVAry+JOLYYJRopoDdl6zzDE1llAP8YyfRIDrUKz17VxITNUSGykwRO+VhpxOIUaLZEpJwsVIecprKsUYRwfQ8wXQRUESlN6ci9JQAzGK2GJUqROUAO+Fhp12ohER+gLg2knAQ16naiqJPVCgTzpVY7Gt57pyVTvasKNg7AgymzsmqEpV9orJfbYtUXb4FalhlJC3XwU57WI6dFSHslZqnJWDfvn3rCbhBRHYpuhmhVp8SJJlKpzSZTPoLPwQqes/OnTtfrAkQ2br41U56iGujoUHDEBMaUK2mCqZ2P2Jb1YF7Tt32MFCTBXDo4KFdwINIVf9yuZwoFUui6FJVSDkhyJiKPo/N3y+//PKpRuNctbReee6VIeOZnyl6K6fJ9QFSmRSp5LIan/C7c84953ao1grnL5h7SeBKO+nhrDzRWRz8opdYXA2njwJfdl7iy5LPG4BD7x56FOW2xYulcolSoXS6vgAVUfmDunr/SiLqrNCBPQcujbzoVUXvaDb4hlhY8KpI4cLZ3whcKSK1hKcOIohVnXGxrWry0zwEviq6hkdUFybMrDmC9VT0Tgnl9QN7Dly2/EKNgH27911j1OwBtq1ReA2qSOGvdz+Cyo+AqstrltmtRTbcHj2Tf6xGQkcydLNR8/ze3XtrtUwL4JXdr2xH+BvQVdC+bPDq9CWxYz4nVOH70bP5x1HTDaspEfnb3r17t8ICAUbMg8CaCovWiiDSHHvn69XBi3H6kmL34CATQOEWnTx0QzNd2sCIhPIggLVnz56LFP3WWiVYVv1Dj35w5Mw9r03rbGDKvRr81FSZ5186ytHDo9ub6dIWhG/v373/Qscy1k3I2vaVWIKzYnmXpiY5ddKXZ18+nt4wMstZO3Js2dyH1aUNiIzh47EC/35/hsnJIgDr+ibq7nFdF7GkWoZrH5aK3uSIJde1U99fjnQ6XceZCQNmj35Qa49PFBmfKJLwbDZtzLBxQ4ahoSSZdHsro1AMmDxR4vjxIsfGC6sOVWaPvE8UBtjOgjyBTCbD/Nz82gYC1zko21vft/AcETKZDF6i3rWNv3EAEwar7vcrER8emeXDI7MAJBI2A/0Jtg0vHJMvuD5VRRRGJ31Ozfj4LU6RojBg8s1/svHzS0dtnueR6ctQKpQw2l7qIMgZTjKZtFttAEGwbRvXc1cdUQd+mY8PvHianvXw/YiTp8qcu2Wls6nKPHmqTCVoT/mPD7zA0PmX4iSWgqxEIoHneQSVgCiK0FZLW7GddCY90tYTG/VXZfTV/UTlplFYTxCWioz+az9nXH513aSIyKoV2gQjHRdEoiji2NFjFE9Nr75mlELZ4Lc5m83gB4ZC2WAaGLjCySnGjo4RRZ2X3BwgZA1ZoaoyOzPLyemTROHqBxujHJuqEC5Uf4ZyLn2pzv5OUChFTM5UbYttCVuGE6x0KuVSmdEPRxlcP0g2l13rWySho+jtglwLUJgv3Kiqq6JBVSUMQyqVCsVCse6tzZX7rBxobfAAhXLUMQHz5SWCI6OUK4Z0YmnR6oKxi6KIyYlJpqamSKfTeAkPx3EakiEi5Uxf5qmFcT3j7Dxv52PAYwBPP/X0GMqmtShpysW6tmtXHeQiBV4X7wt6jkXJrw5SAM+pH9DKZ5vIVF1hs9KpcPL6G6//5mKzq2DdBD7++JG631xHGBn0mC+GuK5NLtP5v2kGsg5iCUEQkU07OHY9Af7EETLRFxG788iz8+lRw/wbe9DK6jdTUp7F8IDHQKalh20KAQYyNsMDHklvtapa8Zl7fTfapRFsCEushqmsSDUmKH74JpWJ0QY9P1lUxkcpHX6d9M5La7/ZdtNVVzdjDQlwXZdMNtPUohYCf22a9hC6LPLL5rI4TtOdXWfkG26BZCrZk5cSew3P81oNfhUaEtBRevlfgE4m7bM50hjxiRMQhIZG/36JDARB/G+Dt8InToAqTEyvNqDj0+XW2VsPUEeAom2/eWW5iY594OGxAkcnq6lvJTAcnSjz/lixdcfTQGz3YwARWV2UWAnlueXN/wATQvNpMfDMoAAAAABJRU5ErkJggg=='),
(17, 3, 'A boy', 40, 'data:image/png;base64,iVBORw0KGgoAAAANSUhEUgAAAEAAAABACAYAAACqaXHeAAAABHNCSVQICAgIfAhkiAAAAAlwSFlzAAAB2AAAAdgB+lymcgAAABl0RVh0U29mdHdhcmUAd3d3Lmlua3NjYXBlLm9yZ5vuPBoAAAmhSURBVHic7ZtrbFzVEcd/cx+71+u1vc47BpIQ4oB4hECgoCSEtBFN0tIHFJSmaSCF0qpFpJWQqn6jUqW2fEBVRd9ItCUB2tCQokaVKFLTFwUqEAkhlDYPAuThvBwn9tp7n9MP13Z27bW93r22QfCXLNs758yZmTPnzJk5Z4UEse62O1cYkXEHosuAmUC6Fn4aKZGGeJ4f+K4fiHDYMK2fPf3sloeSkRgkCSZr135liuV7m1BWJcGvHBSl0N1DT3cBy7KOW3WydOv2rXtr5VuzAdbfsn4ahvE8yLxaeVUCt+CS78pjGqZv28aCrX/e+mYt/Iwa5REM83fjpTxA2kmTrnMIo9AOouhftfKryQDrb9twC7C8ViFGi0ymDsMQAj9s/tyq279fC6/aPEC5u6b+VUJEsFMpAAI//FItvGoxgDABs98Hy7YBCINwei18qjbA3bff3Qxkahm8FphGLLqirFl950XV8qnaAIVQJkx5AORcAPM1mFQtm1qjwPseVpLMLpndzNqV85nRYOAU2lEVXnnX5eE/vlUVv49fN4tPLZlNJurC8nrwVNjyYjvPvXosMZkT8wAnZbLx8wuYM7MBJ1sPDZMxBK69wOY7a1txbLNiXpZpsOamVtatmk9jQxqraTJimaQl5IuLm2mss5MSOzkPaJmSpd4pEiydQe000t3JXCPPT++5mBf25/nDi22cOOOW5ZHN2FxzyTRWL57NjMkDthg7DYGPaMSVcxvZsauQiNyJGcC0ypyqDRPN5iCbw1Rl6aSQpddeSJcb0u1GJU3rHIuGCmfWtpPbuhLdA4aFCJjxcNmMRXZiY0g/PvBR4EMDTLQAE42q6gH68pamriD/Cz8I1uTcU/FndhrJTS1p19njs/edDhbOn4IhoxsqUuWlPce5dE4zTdkU0tUOPV0AnEk1kzIN0u5Z0BAf+5206SyVG+99d7S6VOUBUcr7cX3GXpNrSCNECBEG0aB22/6ynx/9dhdvHGgf9Rh7DrTz8627eeZvBwbRGjMpnGw90jQZQyPS6s7C8HZUo0tVBhD4dCXt/CAEwPUHGycm5KGQL0vyevv08SgLKwVm7wErcOdWItMgFtV0AhoralQf10SbsqmydOk8DSjq1A+iNWXjM0FjdoS6qhhACFFU1XIe03PArR+7iBuubmHGpCGCvuqQu9C883M8eN9ipubqxk5Aqo8C5f12AExDhla+D6pI58mypBmTMpjGCBOrGv8WQyuRaSCqM4DybFX9BsKpB9NGzSqTm9CHMIj/tlKHq2FR1RIQoq8phgWyCogXeDwDo1qH2lBdHUOELvXdrHSdAhHUtNuEzMqqeFUlQS9075/StO9vAcDJXaEizww72JkTgKKNU0sqOjEzjekiaNPUwX2LzgFkG78F+nsAuo0T8tF7u6rVoaZNUFo/4QJvAejuTTMZaRVqBL6LdJ6MZ196Q1gUIZ2nwC/Eae9ICKOzsnhjdVWWAUguChjSwTAhG0AbpiBn2sDtQbzDYPUqG7iggGmhDZPLd46KzhKGMeoT31BILhc4k3oL6B62jWmiuZngZAEB341/EHCyaG56f8o8CKEHgIpA2q/5RqgPiVyO9iF8bfMTAmsraqwKYQiixPvpMKIEHnK6Le5mpw8ay+6/MAl5IeFs0AjlASo8IyAClgWmPbzygOQ7gHj2JeXcVaucxUjUAHLVur0irActX/Srhme+A7wCCEgq8wO5/t6qkp4h+SfJrA+6a/P1KvwEuLpqJlGAdJ0GtwcsqxvbuU8Wb3w0OSljjIkBAFRVeH3TIiJZEonM6N2+rlC4XJCZgF3UGIJCRBh5mOYBDb3d4noXCBzDlm1ct/FxERkipawNY2aAcohe27wd+OQgQhgi7b0nWTt9XJbdX9OF52jwgS+JfWiAiRZgovGhASZagInGe8QAYxLhKsK43A1+d//xVjHlM391909d7u4bRJeiynBbXUv4ZFvHirOm/cZXp9YfHWvZEj0HqKrpeV5rCAsEFu7M+zcf9oJ5x/ywbl/Bx4+UVqOgXy78W+rUj1PgnrNIvoNQTHZOX8L/Jl1OIVJ25guYIjo/bR3fML3hUYWdJryWSqX2isgIiXflqNoAqtrY7futBlymsEgiFiEsBPpr3K4qO84U6IkUX5V9BY92PyJrwDpvD1ec2gW+S4cziRfOW0lHuhlV2N3t0hlGpA3hmy05plolK9UH9gKviPJKEATHA8t4Kec4g29QkjTAI08cmN7jWt+eOd268eYVU3JARSnp6SDi750Fot5q0Zs9Hqf8EBH4SHiSq+hgT9PlRL0Z4cGCz2EvwEC4c1qWyzLl7xT6UHB9PD/AEAkOHgq3v/p6/h+C9/g9X5hb0TuaYfcAVZVNzxy5OQz5+rE2d5US4Huj2zaaLYOrM2lezscJYt9DGVVwGlvQ9CzUj61zOgg54sVV3uVNdSMqX4xI1QqCaFXaMT57tst+8KFHDp60TfnlxrtmPzBcvyE94Ddb3j1PLHMzsDyKlKPHYgVmnedw6+opFQvWhxe7XF44W+CIF6DATbk6Ftvx8GfsFM91dPPfHp9AlYvrbO6ZXtHlU78HAOx/O2DfwVjOzq6As50BKdtoTzlcc98dc8rWEMuGwV7l/0mCL0EX1acxBFKGwermelbmzl2YnJ8ymZW2MQVmpS02TKtM+eHQkLVwHAPPjyYVuvU/P/zVoYXl2g3yZ1WVzduOPqEwp2YpimALfGNm05D0FU0OK5qcJIck12hzzHUJQk0bfrBDVScPTKsHecCmbUdvUViWqCQTBNMUsvXxHHt+lHv414e+N7DN4CUgE/MCfKyQyZx7nxgE4YaB9BIDqKqgLBl7scYPlin9F6x+oNNUtUTnkn8ee+pQCzD0Qn2fwuqNNlGk8vPHjlxZTCsxgFjWuH31ZTxhFz3i9DW6oZhWagDV1nGSqW9ExqMsaZrn1FQNSirVJWEwEpknI95wJof6upq+VlgxrCItw1AuLqEV/yOMrwcYI73+SAhWsQdEXFBCK20q8xhHD6gEbcc9OvPnsl8RmHOBg2VWbjzLir9opapESsmrjH4DqKpsevroReN7UzA8glDZsv0EUVQ6KcsX51h4aXYUnATTgCCEMAzrVNXoOxH2G+Cxpw61iGUOfq82gbBMYfn1TZxo9899Zhm0Xjj6l2OmJQShoir0hsJXocgAcQh8b7k/wIJRzfTQsC3B7b2yDaJgKb0GKI4PsxIZaQIhEAxFK35uF8GlfX/3G8DEfB54e6RBTHPoQSYapiUnyn0eqeJ6cRJoGgQq8mQf7f8td1IrXsUXDgAAAABJRU5ErkJggg=='),
(18, 3, 'A girl', 40, 'data:image/png;base64,iVBORw0KGgoAAAANSUhEUgAAAEAAAABACAYAAACqaXHeAAAABHNCSVQICAgIfAhkiAAAAAlwSFlzAAAB2AAAAdgB+lymcgAAABl0RVh0U29mdHdhcmUAd3d3Lmlua3NjYXBlLm9yZ5vuPBoAAArOSURBVHic7ZtrjF1Xdcd/67zua+5cz+Pa48E4xo5pQhNCClFcteAUGkWNVEilUKF+qEAgIkeIiD5oRb9YqkAVbQVKoYiiFlVIfRGplQIUmpqkrSLSJEoNdkic2I2JY2f8Go/nzn2cx96rH871vO65Y8+955oI9f9lRuess/Za/7vW2nuvfY4wQujBg87hHRd+0THuB1T0lwRmge1AYY2cVSxgrDU2sWEcW9+Bi+LK5/fNXnxYfvObZlQ2yiiUqiJH/uqh+1X0s8DezT6/tBRirQLgOBK7rvP1Oz/5lQMi2LxtzZ2AI197aJtF/wnlPYPquEJAZSyg004wxuK4suAWnP37HvzKj/K018lT2ZGvPfR2q/r0MM6vhiNCpRzgey7W6JakY5976uEH7s9D9/IYeSl67q8/MWtVvwPszEsnAAKlso/nOqhV18T6j089fGBfXupzIeCVr3+46Bp5FHhTHvqyUCr7OI5gFccm9tDjX35wLA+9uRCwGI9/AuQX8tDVDyJCseABYKyWS0b/IRe9wyr40V8emFDPPw5M5mAPsFIEq9UCImtNbDUjEmMRB/W8ws59n/yL14YZa+gIUNf7EDk6fzX4gZuOaxFHkj8dVt/QBIjIfcPq2Aw8z4FuVCSJ3j2svqFS4Nmvftz3pbgEBMMaYq3S6SQkieGWfXdQq1V48fAPidvtHtlmM8IYiwDF6mzlXQ8cbA067lARUPDHZsjB+Ti2NJsRVuGmO++kNl4CtWx/y+5MecdJfzcFHD1/2zBjD0WAsfH2YZ63Vmm3Y9rtiMrEBO+4516md98Ibprn1Vo108TVdTEJ7U3D2OAN87AkUh2EQlUlDA1RbCiWy+y6/e1s3f0WRFJlUqqhS/M4apm9cTdnjh9fO+6amUGmhnBhOAI2i8RY4tAQJ4bKxCQ7b9zLtt27EcddK1ioQGcJkojJ+jTnTv6EJIlHYtPICTDGksSWODG4QYHpXbvYtmcPY5Mb/XCCVOvowhyihj23386xZ56F/DeD+ROgqpjEEhuLMUqlNkF95zYm37SD8en62gTeCI6L1Oro4nkCDHvf+U5O/M9zWJtva2BoAlTBWItJLHgBpWqNiek64/U61ek6rjfEEG6A1LajrXmKtLj5zjs4f2aOUy/977BmL2OgdYCeeKxGsfAFa+0HuPz6pKhi3ACvtjU3w3rGbJyHKF0TRO4YXqGAhA3QRMUJXhbj/arcet+pzeodbBosFL4EfMRxnElRBbU4GaF99kKD7z5+lCTZfO4mieVfv3+UcxcWARBvpYvmF4u4pQpOdRqxKiSdt6pvHh/ElcEIEN7fe0l7xL5z6Ah/989P8/xLZzY9xNFjp/n7f3mabx862nPP8bqzhuuB66f/J2H2qukqGHQhNN57qZcAk6QFK0n6FK72InQambeMsWt09EV3VYi1A6XzSKfB+vQ4rivUp7J7F9q+DIAUqz33pifHcF1ha733Xp4YrAie/s8loAKgl14Dm84AUptZK6dKO0woF/1sPfOn0hby1JszTWl1YkoFL135tRfR1kJqdG0GvHQLopfnIIlAHHVu/a1NR/RgKaDyvRUN3XzUdYXOOkhjnHKrDq1yH0XdTU3jwnr90KhSbm9Flsa66lelgtM125rUeQA/OD2IK4OlgOccwBhP0XtxXA/i1JjVaIzBYjd8mxXwYgjWLWeLVUhCxC+tvd4qwcKVMlMG14JeXLkvDiQR2pzv2lOYE7d8zyCuDNUPeOFv/uCeMIm/G3enuZv3v5fKli3pTSvQLIPxoBBCqbM55UsVSDwIIii30UunwRqsuBz5wdMkSVp0A9w/uu3BP//coD4MVQSjqJ1YtXRaaRhePPXqCgGOQrXZ+5BatL2IBBXwrkxhMRo1kdJ4+usCjK16NomWI6zdbBGHIWGYpOp8LxrGh6FbYq7r4HppIL1+/CVMfJVdWxKlBa1xNt3xdZbS/9uLK/m8DtpJF0OIcOaVE8OavAa5tMWLxbQix50Op198YWNhvwiFMliLNufTPLY2veYXe+WTCMK049VshnQaS3mYvIxc1gGuIxSLHp1Owqnnj1CdmmJitv8ZiYxNQ9BC47QuiF+EIGOmULs8QxhcTj6f67EgkOPRWBB4BIGHqnLsB0+yeOH8VR4oI5VJpDKZ7by16OI5sAkGh+OHD2NN/v2AXA9Hi0WPYskniSKOHnqMueMvp/vlzSKJ0MU5SGI6ieHFZ58h6vR2h/NA7kvhwHfxPYcoNJx45r+ZO/4Sb77lNiZmZ3Gcq/CdRGinAVGLxAivnzzJwrmzeZu4BiPZC4gIhaKHH7i0Li/wwn89gev73PLeu6lOrjtEshbUQHsBtRarwrHnDpOE4ShM68FIN0OOI/i+SxgmmDgmzgpjxwEcNGqDglXnujkPOdeALKw/3HyjYeQEvNHx/wT8tA34aWPkBOiqdUBQLPUXlLSvkNVcHSVGTkASp7u48niNypaJ/oLd1aAjhurU9KjNWsbICFBV2u0IY5XKlglufs9+xOn/60p5S7ohUuGGt+6lVh/dGcNq5L4OiGNLhXG2VLZR3V6nuH0Cd7Zy9QdF0k1S2SBxyM6fvxVtxphWSLjQ5NKls1xqXWV/MQByIcC/5FOZLzN9y17K+3fA2BBqHRcKZaRQRirgqMWbPE8lLrND9mDmLK//+zEa0mB+auAXQ5YxkKV69+f329h+LHoy2ONYBz/uqlnswC/nnFXirDReAfdQhx2vbEPPFCCx2DH3M3rfF5Vm9Kw89un/2LT6axXUDz78NuvIAZlb+rC2ojEA2TXZe9r7jhry2zfk9xZy1FrpGv9Q4NFLqT1nFiA0aersmoQwgYutNi4vS9H/jHzv9799LeqvaqbeddCzW+ufFfR3AI+zDbTbA8wkAODurci9M73XN4u4kx6KqsIpB/52fsWu9QQAGEXnLkNk0ErwhPvEH75PkA2bCBvGq6Jit05/Q9BPs5l0eewc+shpsAP0Aq4ganWdB15c63xfuILMjKd/m9Fd9t2f+7GiG/q4ccJ+8MufEvjQZuxexpMX0S+egLOb3NmpRZfm07C3LnwrgkeuwfkrcB2Y6s46neTn9K4/eWQj8b4poPd9YYsG/kmgtubGtaTAGoME7phAfqUOWwv95dRC2EzPC43Ajy186zLE2RGcmQJr7l9O64LjqFMr3yD/9ruZ7w70D+uCfz+6zvlBYBSemkefmoedJbipiuwsw2QAJQsYNAohSuCigcMhHM44T9gsqoWUAGvFxvFB4KNZYn0JsKrvlrw/KHm1Da+204P0i010sdsVrhZgaizX71ekGKB0iUzs/n5yfQkQ5Ob8zFmHC0toI1w+29dGmPo+ncsnACk8JyVUQa32nZI2KoI35mfNCrTRWXZeZsbTqu0I2gjT63lBgO6bJBKbfsfT2QTob3xpCthg6zaEXYGHlAJkpgYFDwoeMlNDSj4S5LuKlODK0b2K/tof78mSyR4xsJv+1O2aUfBgpgqFVW+HFlyYGYdC9osUA8Nb5V5cyKwD2QSojCT8rzfUWyHZWvuuLJlMAuyI8v+6w18hQK2+LUukT9L9bESArCJArM38nC+TABngc9c3JFxnZW1htJ4l0q/s/kxEwOqpkMRmtqV6CNBf/2qZ6/gV2MjhXnmjTEXv+rOebmsPAfLoAy3gEUbxcv71RieGME4joei/Jk/83oX1Iv8HBiE8vN9QM7QAAAAASUVORK5CYII='),
(19, 3, 'Another girl', 40, 'data:image/png;base64,iVBORw0KGgoAAAANSUhEUgAAAEAAAABACAYAAACqaXHeAAAABHNCSVQICAgIfAhkiAAAAAlwSFlzAAAB2AAAAdgB+lymcgAAABl0RVh0U29mdHdhcmUAd3d3Lmlua3NjYXBlLm9yZ5vuPBoAAAtzSURBVHic7ZtrjF3Vdcd/a59z7mMefj+IwSQYP2lJjYKNgZYmJC1tSYIMaZVWDR+q2AQEdt1WtBEf4vIhSaOmKkYJmBKpUpukQoUEkSpxUgWVUOqSSDh28RNDbBPjx4zneR/nsffqh3PHc+/MvTP33BljqeUv3Zl7z1mvvc7ar7X2EWYJzzzz+97agWV3I/ophY3AFUChY4GqOAVrlSSx1lrnjJgz4skzN11Y8leyc2cyG3bLbAjZ9/RDG8XKNxB+dTbkNYNzSrUakyQOY6Say/lbNzz4tX+aqdwZO2DfU9s2C3yLmTztDKhWY6LIAhAE/pc3bf/652cib0YOeO2p7RsM+h9AcSZysqJcjkgSB0A+731m40NP/HOnskynjLpzpzGqu3mXGw9QLAYXH10c61O6c6ffqayOHXDgfYOfRLihU/6ZQETIBR4AzrniqwvP7exUVscOcOI+1SnvbCCoOQDAWfvpTuV07ABRbuyUdzZgvHHTneOqjuV0bIGwtP5nqRRSqcYdi6tHFCWMjkaoTr5XqcSUSiHC+AiuaK5TXZ07APJjX1QVaxVbG5lniiRxOJd+JsJah7WKqoKkLlDX+Ww2Ewf8n8B7DrjcBlxuvOeAy23A5UbHS8gGIbkcm+65C2R2tpda+yMThEllCElCAI78/OeMjkYz1jUrDhAR/FzHU3Hb0KqAplOj6Kzs5N/rAh1FgL7z0uK3/uslky8UEGMalqXvFrrmLWBJvpcg5+OcQ4/sWStr7jicVU7mONLTL/0xyj8ABR18B2wMxiDzO16Ot697pA+iMgAy/0owHlRG0PIAiCD5ridk9eYHssjM9Oj0zJ5ulN20mf155WfHeeRL36HvwmgWNQD09Y/y1199gf9+7a0WFLVnV+yFIA+qaLV8v77x3JIserLFriuuAbraJT945DSn3hngxNv9Te/ryHl05HzTeyd+2c/xE+c5cPDt6RX5YwOwggs+1q59kHUMsBJgmmzRWqE2j8nE+WwMcXUKVmmQMY2i8a/OZcpNzso02Aq33Hgt1WrMqhVLWxMpYCPwGqfRVdcsYeP6a7h1w7WX0sSMDjAuavD2+Ia8Ka5buYzrViwHzzYnEgNq0dEBZG6jk3q7izx472+Bqeetk1EfGPWJA9+U2mtMjTwLMS44jEkGgXmpER4QpwboBKOqBehbACpgHCzpg6AxYSI9CyGJIJgQtXEA5xaBMyAKiy5AoQrOjnE2do3a6hAxipfsydKkTIOgLL+lgspngMGUeywvp6ATCjXG1Z484Nu0IRMRFKA4p24QG1Ok47yerUUBMJYgMR4gqdryUOpEMSq54qNyzebBTG3KQjwGfevFAoG/hqS8jLi6ECAh+JLf1XPpFgPOogOnAcV5wag3f9mHCUtXkYS9QIjvfpS18TBLpbG9j93/vflXvf/O1ZtumZ44idGRs0hhTvr0ASrDaHUYmbMUvKA5X3UULV0A4OyZfk4cOvxvm7Y/8fGZ2j7jNeyrj93/r3Fs7+x/+xRxGE7PIIBzaHkQHTqbfsqD4+HdAhrWFlMinDp2nDi2d+7d9bkfzNT+GTlg/+5tD/s5/x4AG8ecOnhgeiYvQHoXp/04CdOP8ZA5i1s//aic9nNgaGgUT9IsaBy5O2bqhI67wP7d2x5W4W8AqmFMFFrEeFx/+0eZs7id1ahCUpsV/KC1Kc6iQ2fAWSweh199FecsSeKolCMUCHJmz6ZtT/5OJ+3oKAL2796+Y6zxAIV8gO8Z1FkOvfwS1VI7U7Gko7+fo/Vz0HQD5CwqhuP79+NqU6HvGwpdacTEkbtj72Of+24nbcnsgH1PP3SDin5l4vVCsWZMtcr+H+2hPDI83IlBF6EWHToHSYgaL37z9YOE5UbHBr53sUYYx+6uV3Y98IdZ1WR2gFH5A5osoKwdH8RcXHmxq3vBFShfBMrZNCiEZXTwTNrvc10vm+7CksrQ8F82ow5y4zVCHA9l09WBA5yjd+K1xDqqtbKY78uLN//p7ttl+S0Vueq2R7BmFfAF4NyUgq1N9/aDZ9HqcCJ+7sdS6LrBrL37N+SazYMfvG/XVxT9wiS+uhWhqOvJ2p7sY4DRH9f/TGxtMNLxxjfYd/Wvn5Yrb3sUlZebynM2TapEJTQcAZcguZ6fydp7PiqrN++rJ12/9fFHJzrBxuORJ55knhEyO2D9lsefA/4FIE4slVLa+MCTH05sfHsWeOn0JwI2uZj0bKl/6+OPqsrnAeucEkZp5Hm+Oblp2xMPZ1af2WDgg1t2/VGi9sE4TI4a39uXK3hbNu3YfUcnsjrB+vse+3Jk3W9Ww+SnnmcOBb739zdvf/IDnciandxyG9C3f/Isone3JKiOoKWB1KiuBXtl5e/d/G7Y9f8+Lf6eAy63AZcblywnWCrp+4xJ1omnaxyss8NHb/bCC60Z6tJarjB3dTmKdhk4pFaOOOcf6u6Wdy6FnTMaBFXVD8NwhRW5TjBrBF0LrAPWAnPraU0yQm7w9dayhs+lWWIxxO//CC6/cCLJEHAYOKTIYcUd8VQP5vP5kyLSOr08DbJXhl7fsj5e+skdrnjjBvXmr0RMiz3sZAQjx/DCCTUCdWhlGCrDYDx03geIFn+oLXnOOkrVEF/iMIiPHe0Z+sdPy6rdB7O0p20H6IEHluNXXiCKf80u/jDxwnuz6GmAHTpFzvbjhaOIDcHLYYtLSeatymISlTAijtPdYVd8gJ7StxKi6gGSwl1y/ddPtSOjLW16asf1lEd+QrUyF0DnLiNa+ghq2i4SNaBUCS9unub0dHbSNrGWciVNkgiwoP+LeIUQqmWoVhKC/L2y7ulvTydn2llAT22/Caf/CXKxT4ur4A8/C8zOsbissNY1nEnsKf07Xnwm/VHoAmN8kuo39Y0/2TKdrCkdoKe3X43K88jkHaAXHiA38A3ENq/tXQqoKmGUUKqEqCpGHHOHv0tx4LlGwmI3OBUq8ZN6dOtNU8mcehq05mugLetaJjpGvu9vccFy1F+OmhyYIrawsePuMRFRnOCcohrj29N4WqXbxfj2KPnoNRg+O5kpyIHng00Mcfg9YHEr+S0doCd2fAzVNtLOiolPQnxy/IoE2OKt07NOA+eUapiGet700Tv6VPvM+SKURyBJFumhz/65rHv6q83IWncBo/dlM3ccorNzZljraoGZZeby48kSTf6sFVlTB+i5B3pQPpFN4zjENj8PMAbn2iuxax2d56aWOdkIqWWbgThepm9+tmlXbh4BoX8bdYehs8JEb7a8F0ZxetAZKCbH8fuep1V5OanLM+ajfU1ppoRft0aL2NrU1qaMKtkzO3WQ5Dxe5aeTrkdxQhglCNDN/9B79u/w+58nGPkOE6dU55Q4SRc5ebmAn7yR3ZB6B6hrGtHNB0G5Yg3ufIS4jg//BcPPIrYfW/wQziwijBLiOCEwJbqj75MLx6tIXnkvEv+SpOe3scFK4iSNFMFR5Bf0jHb4TtRYqg0Fepc3I5m0EtTTLy5CvbOQGPQkuLeAIaiU0lUWQO988NvfSFpvMWp68ZIziNZlyQf70v/zFo3rl26stwRxJTw3dSIZgIHaOsT3U7saWjfHajnwiJaBFpDueWvk2juP1pNMboXzP4KoAR9kBXgrgAvAKyDllqdBpoJnz0ObCybREn7S6mRYOzAhcqViri3AAk/8ETQcIC3FJVuBv2ignsyvTfr/AlRuReV2NHe1xZiZVX0uDRLMdUfxPp7HbCjAgvSqP376RG38uxOZJjtAaX3MTPMQ/4oHPbMz0c8mVByydvWkoPaD2lEewMWrJrI1OEBPv3w1sHJ6bSZzBeaSQ0zrQSlXm9GdDfQXLzRkmydEgG3vVTht9j7XZUdLmySo23JHdnP9vUYHJN5e4Ni0qsQNZTTu0kNd69fpx06XeUGE5BpyBP8LbrS7J2YCRwEAAAAASUVORK5CYII='),
(20, 3, 'Another boy', 40, 'data:image/png;base64,iVBORw0KGgoAAAANSUhEUgAAAEAAAABACAYAAACqaXHeAAAABHNCSVQICAgIfAhkiAAAAAlwSFlzAAAB2AAAAdgB+lymcgAAABl0RVh0U29mdHdhcmUAd3d3Lmlua3NjYXBlLm9yZ5vuPBoAAAs4SURBVHic7ZtrjF3XVcd/a59z7mPuvZ7xeB74ESdxsBzXLbHlNHFjkzZpWtIUqoQQkEIrUYHSNqiJKhWiAEIuRWqF+gEqASpUJSKFqgni4fAoRUCj0EDbKCVOnLET/BjssT3vuXPf95yzFx/O2HPnPubeO3MnDlL/0mhmzl5rn7X+Z+291177HKFHUFR46A/vV+Fh4BAwCnir6pybBUBu2NJcIFTwA7RUteT9ENdMEnOeNv/6678liO2F3dKLTvShP9ipYr4JcqgrvXYE1MJamC6gxSrE3JxJxT4g3/61763F3lqY9XagD/7RLhXn+9063zWMgZEMko5DNcjYbPlFvfdLR9bd7XqU9X1HXTX2b4jCfeMhwFAaYi5Ya+xi5dv60DOx9XS5vggYGf44wk+sq49uIcDmvuhvP0jamdN/sp7u1hcB6MfXo79WSJ8HzpLpvn1gXX2tVVE/9OW4ZkyRdiRWQ8hXwFpeiuUYS5QJ3UhF8xUUKCSFs6UFAA7GhvjFxI3tDZjKoYUqACalGfnO0fxa/HDXogRAWkdp53wlQC9lQeGv++c5loqcRJfaU8uiQdyymM3yZmmek8ECn08faGO5U/N38p3Af3XrAqxnCBgn0VZmsQQKIfCtTYurirqug+dFacN/F6epXmWpBWpjV2RTW1taYN3L4GpQP8pVFp2Aagd5i3NlXCtcsGuK6K6xoQR0C+1NXtYVrikBhXyBfL5Au2jfSKx5EjwTFHXA8V4JVBO+aNxXm1CXZDzpJD3P8WKekVTFw5QcjHGa9hH4AWEYUhIhmepb2bjNRRMuVd9SDUIcDan6GubyQdFWKaRM0JeOm4RBwjM2v2YK10zA5+xrophbaq/9wnt3c98d19dc2QzAALDl9y8wmy2v6COVSbOYXaRUKkepbi0+lES2p4kD8TBA5i6SAmduXjOf+8abmaIpUXZKACRNcs1jp6dDYP/uoZZtd797R8M113XIbEqDQKlQxK/6zZUdF9zoWe3cvPaVuxl6RsDwQJJtw6mW7ffevpPrRtIN1z3PY9OmDMYINgyvXi+UqnWC0RDxCNm7M9Mbo+khAQf2DK/a7rqGT/3cu+hPN+5dXM9j08AAjrv8dINw5bKp8eW0455bWkdat+gZAbfsbr+n3z6c4slfupWtW/oa2owRXG+ZgHQyvlLAi4NE5t68tX0O1inWNKD05WeGf3h24vbjY5dIuAYEbr5+c0e6W7f08bufPMQ/vDjOP373HOVq2FTOcernNQHXA79Cxgu5de8oxvoMZzzevWfkgWe/cPf/yq2fONmtL13Pnvrq1z+qyp8CCclOQrUCYtChxkmuHUqVgB+8PsXxN2c4e2mRM+PTBL6P4zj8xRc/QiqxsqImuVkoFyI7hnZEEVEuRNcRiKf+WI489mg3NnRFgL7y5ykVM8nSNma9BNQjX64yPrHI6FCaof7GMJf8HJSiFPkqAYAszkCliIog8YFROfypqU7v2eUcIHtYsYfrLdKJGPtuGmrq/GpQN5pYRRUkuKcb3S4J0FWrvPWYzZZ5/uWJhhm9EwSh5fmXJ5irS57aQ7tib0P3As+9cI6vPTfGiTNzTdtl/jIyP9m07cSZOb723BjHXji7kSZ2uQqoV0Waz9rNEC4lNkHYIlUPWmR+NTpht9EjUuhGvLsIKDongYVOxbcMJDEibGk3pv1Ko25/HCPC0ObGnKEeEizpi1ESwT93ah+sbRn8aVWeBgbarQKqSqEUkO5rPnXIzAVQC14cHWisrOeLPqmki0hkZtNVoJRD8vOR88nk78h7Hj/ajT9r2kXp2T9LUHD3UMjvQoMUNtan6dRXuu4oqEY/Xhyc9vNrLQEMbr+fajFEgwGECrHgX+TAZzqOzqt9dm10E+hLfzmkMTvdVtAujef6rW+H7SsISA/tkdsfeaNbW+vRo1UgV+xEShYuI/OXlh2thQ2R+UvIwuXWHWjNZFpcbL60dImeECC3fqKIMNNW0I1Hji5chmo5KoUpUC0jC5Ngw2g4tEIYRL8dY+Wuz7a/XwfoWXVBlW8JfHRVmcwgYkPwy0h2CpYmt6tPNpZA04MtlG00XwA48Z4lBz1LhIzRLwGrL9oiaP8Imtmy8kl7cTQ9iG4aWSalHsVcRJQAjvvbvbK7p3Xo8PjTXxTkiV72CUBQjYaIKuol/9Pc+Zk7etV1T1Nh867Tv6HKl3vZJ0EVyU5HzscTP5Qwe2cvu9+Qkwh99esfVOU3gSOsleQwQMo5KObB9RZw41+Qw5/+vZ4aygYRcAV64plBtHoTVvpRe1hFjrYUrpaR0tL5oRv7e6y+gJFJrP0POfzY6Y2ysbc15jrIvp+fA+YA9PjTjSXhWtgwWhoBxHlNjjze86fdDG+rs8FrgR8RcK0NuNb4EQHX2oBrjQ1bBp946eLObfPmSMLXm1xff/ym1NTBO0de29dSoZxHctEG73U9MP7C7L7jxbKVMO6+UhjVp47edd3/bISd6yLgkZfUc9IXdzkie1VlD8LNwF7gZjeg/+Cp5e1rwvG5/4YXcVvUFK8eeojh73I/y4WFBLl8tPubOpKkmiALnATGFDllsCdD1bHSpW3jT90l3ZaOl+/brcKHx8YPjqh3f9LhkCCHgWQr2QOnlFiw/P/21Ay3DZ8i5dbWABWKOaSwgBqX4/5Bjuf3MjVTxfctjgPjd7W8BT+o+Ooh82njfCcu4RPH9nUXKR0T8DOvnLsxZ5xj81bfeUvMJWPaq26fVnY0OaPZHM8zFM8y7E7SpzlKYZIJfyvjpR0oQqVimZmLtr661WViX+ty2fcrPhWFjBF2eU75om9fHQz1gWf3XzfRiV8dEfDoGxf2n/f5t/HAbgbY3yEBRmHvWSVd6uQuEUKrTM9UCUPFiRsuvCdOuEq+WkvA/pjLRBgyEVh/yDEP/9O+HX/V1sZ2Ao+OTd4h1vmuQTo7/q2BFTh1vTCf6SzQwlCZnVtyPm24eNvqzjfDNschLuJdCuyz971+4WPt5Fcl4PHTF3eKsc8htC/Ot0DgwBs74fUbhMlBqNa/H6FQroTMZ32mZquEKUPhHXHGD8XxV6mOtYIAuzwHC0wG9qn7Tpy/fTX5VfkNAr4KtKhRdYdcCnIp4RwQ9yFWVWIFMCXFjwmVtEepw0hph4wI/UbIWjU5y98CW1vJtoyAXz11+f0gH+iJRXWoeBEZsyPC9PWGha1Oz5y/gm1L7xJnrf7Yh189/+lWcq2HgOhjPbXoLcagEZyl+uIiPNlKrukQePTEVBoNf6qVUkyERAerwFuBQddQtRCvM8cQkTAdKjmrWz9yZnL02K7RhqPopgSIG94JtJyCHh5OsSO2obWUjnG86FO1Skzg37Mr19vNRpgOo1J1peg/Any+Xr+pF4ML8iBm5ZG2V4DRpYNnZxRY15c6G4PBujfy+1UYvHJgl9CP0SkBN16297h1KXs+H5LNRXlt/B26gS/KrA3Gwu7zje8hXJ62hIHF8WRXM70GAp58+dLw/IJu0boxVXINwdKhZei9PcZ/LVRgqkmqVlKDLYEIzq88f27vV997w1htewMBuT7et5iShud7IRDOBhEBtyVg9fdC33qowNltjQ9metTh5NKLKKOu+WXgs7XtDQRYuLvd8x2freIaiyfgIrgG3FZHWhuEQJXAQmmqTGCVakygv1FuoGa18lXvpR0BGH0/9fFfh+LpCpPl6qoybxUuT1Wubpz4ycaFyxMhJUJBlaLq7vr2FYnQJ0+d3y4qDUKrKv0/wJUoKFti9XuDFb644nT0/W/z7z/evuiveeMksDxY27aCABH7PaBtRcWIXMOvfFqhtUl5jU7t44LvufabtW3/Bz3SNgRbVt8YAAAAAElFTkSuQmCC'),
(21, 3, 'Detective', 60, 'data:image/png;base64,iVBORw0KGgoAAAANSUhEUgAAAEAAAABACAYAAACqaXHeAAAABHNCSVQICAgIfAhkiAAAAAlwSFlzAAAB2AAAAdgB+lymcgAAABl0RVh0U29mdHdhcmUAd3d3Lmlua3NjYXBlLm9yZ5vuPBoAAAzUSURBVHicxZtpkFzVdcd/5229zvSsQiNZC0IWYIIciyIpZKfAskt2MMbBWAofKFsRWOWQD9ECWAyW0ynijAaQwFRKjiVDvKaCcCjjIngBpSizmcQunLIoIwXQbiSGUc/a21tOPvTMaJbu1z09Pc6/6lX163vvueeee8859557njDP2HbbtjbTkHsQuRlYIiKF5tbUkxEr8vd3/8PdbwHc/5X7L1FT71T0RoRO4DjKU1rQf7xn9z2Z+eRP5pP49i9uXyvwFNABYFomqbYWTMsEwQeeRxGEa1HMMiTOBkHw2e77ul+ZLx7nTQA7bt9xlRI8JyItUBp8S0crhmHMltRQEATru+/rfrXxXM6TAHbctmMZhr4GtAKICK0L2jDNcpNcA4QM8Mc70ztPNo7LEmY9HdWQTqcNjODbjA0eINnSVP/gAZRWRb9/cMPBORApj4YLYPj08E6Q68bfI7EI0Vh0znRF5c/evuLtu+ZMaDrdRhLb9qVti8WXowJxKC39tova69H78hBygqz6cvrLpxtDsA4B3L357ibP9NYLXAssA5qAQdBjKB9EZN143XhTgkRTolG8oqrkRnOHRoZHfivKciAFDAMnUHk+5+R+vm/fvpHZ0KxZAOktW+LDQWIXIn891nEVwkLbwsbMvlsoksvmKOQLoKFVBxDd18To19L792droV2TALbevvVyU+QpkPfXUn8cpmkSjUeJxKIl3z8L+L5PIZsnn83j+/6s2iJyxPS8z9z/2NePVK1arcK2zdtWGIa8hLBwdlxM7kSwHJtoPIIdcSp6BN/3cQtF8tk8XtFDq0x3FfzeN4MPP/zPDx8Pq2RVISKGyaNQ/+ABFMUtFnGLRQAM08AwzQn1CIKAwPMJgmAu3UzHItOXR4GPE6I4oStg+5btHxXlPxvJ1R8chly755t7flGxOKytwM2N5+gPjEA/F1YcLoCASxrLzf8HdGVYaagNUFGtxVGIW8DMDkEwS2tdI0wngjGJDRUD147hW04tzUMNSzUjeBT487AK4hVx3nkTdE4WOxROUwpLpwo3JgMMNXfVIoSjYYWhKqDIwWrUjdzIvA4egHLeQRXHrb7XETEfDysPFcDeA3tf1lJAozK0oa6rQh8VVKu64J9+cP+DoXGEaiqA5Vt3+JZ3JcqKanUbiY62KIu6mli6uIlEIsLhNzIcOzWrbf5bhm1+sVqlmrbCO27bsUwNfVJgzfQyc+g9rMzZ2TA2A45t0NUR4/3LU1z8viRtzRFMAac1gYxtlvxAOfCDIwwOFSfa5WMpcvHWGfRE+ZVp+Df37v961QBKzYehLVu22ElN/q3ANmDR+P+zEYBtGbSlIrSlHDpaoyxojdDVGac5Yc+oa8UczHhkyn8//tlJfvfmwMT7TAHoaUUeal7c/Eg6nfZq4WnWx+H0hrQz1Dr0YQOu1UCWW4NnrzYH+z4wXt6csFnWlSAWs0glbJqTNs1Jh1TSIR4NORAZBqZlIJaJYVuINdM8Pf3sKV4/eiFIXIgm38zGO18SQ48TGM8PGUMv7d+/353NeOYcEOlev34bsHf8/Y9WtnDjdUs4nfEYLZYxUoaBiLC43SaVtBDTZKiovJOpPGHJiMGSToennz3J60cvrACFnl1PPtk9F/6rGsFaYMaTICVZNne08uszAd9+YTC0TXuzxc4NS8CH3n8/Rf9w+Iq9/ZNdxNtTSGxsglXRfE1H/lDMWQCpSy//iLZ1TbwfBkZODgMZoo7BRS02g0MFRrMuHa1RDMvkTH+RzLDPt/6rpOOZkZKbW9zu4Hs+/Zk88ahFS0uUcwMu+WLAT35nkGy+CHPlRRN9xYfOXTVX/usO16gio0/s+KeNV0dv6oh6pBx/4olbpb3B8gUO927oYnVzjo5sHzevibH10wtK7QHHKj3jirL10wv43JoYHdk+rkzluXdDF8sXlHZ6cVtJRS88nUll43Ut671D6cdU61flulfAyME7N4jo33RGPW65ZOrt1f+cKvK/b4Fqia8rLm0nm3VZsrhpSr1NVxVQlLt+c+G/pYuTLOpKsvryduACjY+t9FhzSWEGHwp/5R9KPwPpH9YzjroFYBBcWknwbcnSwjpzvsCpviKrVrWzalU7Crx6dBSAZNymKaITv4dHi/z6zSx/cmmCWzdeAcCpviJn+kt+vzNV2YMofKBiYRXULQDfMJ83NFDKeJLFLRYXd9oc63O57+Dvy7b/1IeSE7+vX5Pk8RfO828vlp7pWLEwyuL2ioeeAOG5esYAlL2QrAk9T7x88t6Na88AlwHtk8tEYPXSKKO+wVDWp+CVZlqAha0On7o6xbrVTciY57h4gUMiYtI/7DOav7Dvb46ZrFmZYNO6dqL2DHPlA0dE2GZ/LP1MveNo2MXIyOM7PoHw0wnCpoHT0rg7gSkQ+aS97u9+1ghSDbsaMyQ4PPldA523Y7Il+nqjaDVMAPGND50BLhwKVAm8eTkqn+a69JlGEWvITvAC5F9Bt4+/Ba6HYU83M8r5d4ZxC1N3fqZt0r6oecIuhOBxkbldGExGQ2+HNeBfmBSDDwpuWTXwih6BH0x5/KJXi8YEQWB8p5E8NzxBYuSJO7+H6q3j71Y8ghmb6sJUlcCfqh6GYSBGODuqfNf5ePoLDWS38fkBqNwFTBzZ/FwRnTZYEcG0zClPtcED/bbJvY1mt+ECSG584CzKLYh4UJptdyQ/V7IByq3y0XTD8gLG0fgVAHzjvxe++MrZ2InxrbJ6Pu5gFq3DLQYB/OJt492vvcjLjeYT5sEG7E3vbXNxn1bVa96XLHLDkiEsY2wnaJnYyShi1ib3vAvPvOFwLGMA/CooBtd393T3NZLfhgqgN927SNGfolw5/t+SWIHrlw1im6WuRAQzFsGM2qG950YK/PhIjNOjUwzoGwifaGS2WMNUoPcrvZcDv5w8eICcLwwPFxkYLuL6JR/pZfMUMyN42SLq+Yx7Ts/1GB3I8e6JDAPnhsnPjO5dBvxy967dV84oqRMNWQE9u3quFlP+A6VzelmHU2R957tT/jMMwTQE0xJEDAIUrxjgT/IWhgHP9i3gXL7MKbCUN3jDzvTOOduFOa+AnnTPOjHlULnBV0IQKK4XkM/75HIuhZxXGryU7giSCZtUc6Sya1RagZ/v/uru0HvLWjAnAfR8tecmQZ5BaapeG2zbmAiTNyVtEnGLRNwimbBpbnJoa46QTNg4tlF9aSoJhB/tTu++ZS5jqFsAveneO0TkhyiR6rVLeUJNcRvLMrAswbYMIo5JxDFxbAPLlHoU0kH5QW+6945ZtxxDXQLYvWv3BxV9ZDbtDZP5Ss02FH3kgfQDq+tqXE8jFb2sQnp7RQRB405wM6CYPv5l9TStTwCuPqeiJ2qpmx879XrB7Oe/jBushOMOTl1xwboE0N3T3R8Ugz8VpGosbrAgDBWE2cZGMjnor+XiRzjked5Htqe3z4ym1oC6gqKf3/D5pYPvnb/h/LnzK/zAuzieTFiVAhm+H/Cbk0W6mpWFIaHtyXhnCL73GuBEKyZVKkp2OOsO9A2cyGfz1toPrT37ymuvhN/HlUHNy3LTX2xabjvmLj8IPqOBTokCx+IxlqxYWjaa4xZdBt7LYBuwdrmwdhlEK8Shci68cBxePal4AbR0tGI7M6/OUSXzXgbPnXafKByWgKdU5cCeR/fUpKI1CWDTZzdtFXiQSSvGsm0cx8a2bGKJGKn2lrJtxwUw0c6AlR3C0pSSjAiKMpgXTg0ox84zRVUqCgAY6B/ALRTLlgF50B17Djy0r9rYqgpg802bvqTCNwBsyyYai2DZ9sRsC0JLZyuWXX5avYKrmf5MXQ6wtb1VrYhdtq3negz0ZULziQW2PHhg74GwPkKN4OYbNy9S4WGAWCxGU6oJ23GmLHU7YlccPECgQb6eHOAgCAhUK0ZSLNvCjpRfHeNQeOiuO+4KzXMOT5Oz9AtAxLIsYvFY2TqRKp/DqFIYHBgkm82V7gqqIAgCctksAwMDqOrM29DJfUerfoqTUNcPjSFWCYvrNQBOpHIyYrVYngieqpLP5Sjk8pi2hWNbGKY5kQClQUDg+xRdD9+9kCYvQmjWhJjVNSuAa8LKQwUg0KaAaVR2X37Rg2jIcWAsNggl1+W5Lp5b4w5nUtuKfVdHR1hhlUxRxi1dReSyudA8/2qzGIawtiVVyVWnUcXQzzkeEAQBw5mhEA6k7gxqwagogJGB4YZ8YBEuAKGmBMBiocjI4HAFEuHLOLz/8jmyI0MjpQ+oaoAqx8PKw78X8INvUe07rTHkRnPll+QcVKCcDchnc+RGas4OU0weC6sQKoDHfvTdnyjcKvBbquTdA4wOjOC53pSwtSGVl3E1GNOE57le/3CFlTYNPsJhFf5y7zf3Hgqr+H+A5roM7K4cpgAAAABJRU5ErkJggg==');
INSERT INTO `shop_tbl` (`item_id`, `item_category_id`, `item_name`, `item_price`, `item_property`) VALUES
(22, 3, 'Elf Priestess', 80, 'data:image/png;base64,iVBORw0KGgoAAAANSUhEUgAAAEAAAABACAYAAACqaXHeAAAABHNCSVQICAgIfAhkiAAAAAlwSFlzAAAB2AAAAdgB+lymcgAAABl0RVh0U29mdHdhcmUAd3d3Lmlua3NjYXBlLm9yZ5vuPBoAAAq/SURBVHicvZtbjFvFGcd/3znH912v974pbBJScU+BtqGIa/pQqS2Vqgo1IQQKVRueKlUICm+t6O0pUZH6QCugRYgCaoCqQik8NWrTPrQpEjSiBAgkG3LZeK+213f7nOnDeOP17vH6nGNv/pJlnznzzcz3n5lvvvlmLFwiqNf3bsFRX0PJXcC1wGZEDTAeV0AO5DRwHOEIjv2W7Hz+zKVol2xk4UohvLb3myj1CMhO1/omYm6iDqi/IeZT3PHsX0RQG9XGDSNAvbbnFhzjaeAL62Z0J2AljmKoH8gdv3+7V21biZ4ToBTCwb1PIPwSMDsKdCYAwEbJL0hnfy67X7W7beNK9JQA9ebXI+RTfwD5tmchbwQs489Yub1y26sl341rg54RoA7uCkPoDeCrvgT9EQDwJnHzW7LjmZpfQTcYvSgEABV6Fr/KB8PdFO2ne1VYTwhQf7z/ewgP9qIsj9injux7oBcFdT0F1Mv3jWPJB0AqUAH+p8AyFsC5Ru56fjZoAdCLEWAaPyWI8gJMbIGBSQL2wxCYPw4iuLoZgaFef2ATtnMKiPgSNMyG8kPQn4TCLCyeAsfvCiclTGur3P7bGZ+CF2EFFQTAth8Caa98KAz9gxCOaqVBf8f6wDAgFtdpiVGIDUE1D05dpykHagUozkO92qYCFcOpPgD8KqgK3RGA7G77anAMRi8HaTPIYjGwVlRvmBAdWJVpFAY2Q2YKltLu5Sj20AUBgaeA+tODw9TrM7jZkeQwbNqqf1umVlQa2UQazz6rnj8BhTm3NzYSHpU7f7Por0CN4EbQtr/oKi8Co5fp35EIJPogEoVwWH9CIf/KA6S20Ka/TOzKTf4L1AhOgFJXuaZHE2A1lIxEAxe/BmYYIn3u7wyuDlpsFwQw4ppuhfW3afZ+q2W2sbdK3NviAcEJMEi4pgcZ3l7Rvug2Q6MzghPgqA0NpviCSGA9ercZWsaG0tL7wrv0A1wQ6299zi1CvbFzTSQ7G8ZKCQpLjdaFIDnYfBdteI09REcC1LGnvgLO4JoXs+evolpuPoto5QeGmmmlPHzwTvM50Q/X37x+hR//Dwq55vP2L0G8McUTo6CAcqZVJhS7Wp1+bpdLaQuyZd9f16tu3TGlTvw6QrGWBla7aJ1hWRCLwtRHUKvoho+Mw8im9eXmpmEurVsWisDWq5putH9kqBUn5MofVtpl6Dip1H/3bwfzLVCX+6rasiChF4qlhSWi8SihaMiTaK1co1ws0z/U3zlze0wD35Ct+95ZL1NHIyg3Pv4ehrED5EXwH54uZAocfuEw/37jqGeZo4eOcviFw+QX836rW8arOOrznZQHj6uAfO6RtNz46IOI+jJwCGjuW4V13dtKqYpSUCm2HYVrZYpaplpqE/YT0Y5W6wC2QQ7hsFO27tst2x5us3tqha9VQG740RHgiHr7wAjZCy8QCd/Nldfp7W69DjNp/a1zA5AcTjK2ZYzRzaOe69l83SQzp2dJjrpMAcPQ+wvD0KtL+iTUq4cY2fZdufyheT/6NFsZAOqP9x1gy5WPcfUNzcRcDjKNTZlpQl9gB609otHWpXT6OMyd3i93PfdEkOK6c4RqqwIVKyM6aoNOs1aX2zZY4g3dOUIXzkJqCEYmILsI1RUEOAptM3vsvVWqUM1BLAlLM5Cd7qq47ghQDhx/t/l8xfXaHuiXULdboz7L6W1J8UBYrQjT765KDE5yb13hfBaGVszPer2VAEdRP5NGDMEYHkAieuusKlWchSzKdrAmJ8BYR6HVXmCX6IIAI7zGLcjO6Vjg8pJYqeqo0PKzAChUtY497RLesjp5fAqWXIe8Nw/LBV0YQbXWxFfLmoRmHqisWP9FsCbHMQb6WpW1TIyBPqzJ8fV7vzALdRd/Qjlx/+1vVB1UEGkTEZo7D30pvZMDPQpCoYbjAhgGxkgKYyTVHEBeprBdgcWpNi8N707GasmggsA211S7Duc+aawCAAqKJfdlUfCmvHJ0VLjdwYko97Z4QCDzqQ7u6oPQIuuNoL4B2LRNe2ygd3R9Cf8hM+XA7IedjF+NuJmSHc8U/RUeeARYt9Jp+uSz8OmHzWCIY0M+D7aP469aGdLve7H8IfL1W7wX3ERAAow7PGWrFOHUe5BpuOiOA4U8lMvre4qOglwa0seguuSxSXKnt4ytCGgE1e2eszoOan4a24lgxCJINIRUKlCt6LNDK3RxRVDlKqpYwskVMI0LiPg5LFW3+VQCCGAD1MFdJoQWgKRnGSuCPbClNdEQxBQwLVDaN1g5KkwrjYgvPz/DnZPDIk86foT8TwEnsh0fyq+tscG5o1A1R/d6paaVNwSJWJjJGLLGhe6IFP84fY1fIf9TwHS2+48LNT1Ba6gPFCjb0XN9+ZVltK4QVV8dqaFkO/C+H5EANkA2+46MGboaMZpEiNVh8EkYKK+fx7VtPpvmVwDHGfYrosQC5SAhj3wrBypAvu6Pa0P5bluAEWDE/I4Ao5LBqC2BGoHImLb+bqhVITsLmTntUQJETAh5tNUOvvcE/gkQ5ek+kLKiOJEBRCmknEGcKiymYXEG+lOQGoV4I+ZXyuv0pQwXyQ1HYWgM4mGozEO9DKXGshhvs2sU8X3lLAgBQqdzUTFQoTgqHEcZFkZqBDFqWsliFpYW9WcwovXNNHZ4AiQGNDmJpE6oVaAYhmxWO1IA0Vi7yet7We8+IGKDqlk445uQekX3tl3FKC1glBa1IvFxiCf172oFcnOQmYWRxjqfMyA5BIPjjYiSgmJej5hCtjnjwlEYnoBEDOanIKTW3z57QDACHAUloKigqBBsxMnibJ5AksMYqorkFyCf0QoUsrrxqVEYGIGRy2B0EpJ2486QoXvXUZCbh4W0PiSFxqhIatm+AZ0wcwYWS40zCQOiJkStQI69L/rU/l23EjFfoqquaLGDfRFIhmBisPXs72JvrzBqhgmjn4Frb9JxAtAbpg+PQfpca77k4IpR0cD8eX1+6KaJJSepcL/seelfXnXyTIDav+dJUD+5KBM2IAEkpPVfAWOTOiy2Eo6tezYzp3v25p2QWrViZebhP3/Xyg6O6ZtmxqouXZyFmU87NhXUk7L7lZ950csTAerA7sdQcgCAPoF+A9qsZPoK7BV6TruhlIfxcUitCigtzsH0ueYwX43cAlw45X0FVjwq9778VKdsnU+H939nDKpTQIxhgT4PE00ELvustuhuiMZgbNUomZmBcpv/QRRycO5jv4ctBSxzm9zz4rrXaD1oU30YiBHFm/KgG3rupO5tN5RLUKs3n2u19sqX8jrE5v+kKYHtfL9Tps4aKXYAEPdpYpUDZz+GcpsoVX7FLZB8G6IqRV2GCrAx0m3ocB3FCwGi9NY3yCUNx9ZDt+YSyi7kwXb0p+AS9alWtPK+b5CvhHS82dL7W2KrUa/BmY9cDlIVXDivP45aK3P2o2Y8cQOx8QSAVv7sieYavwzbXhskdWw4d2ItYRuES0MA6FOjsyea/rwbLtqNnv0rriMuHQGgDeL5T9yNmnK0tW+3cmwQvCzqF3paYyEH50+qVo9GwfRU6/3AXkDUVKcsHggwfgcEXIfaIJ8Vzp8qahIUXDjjsBTo/w7rwUHxfKdMna/JPf7KYUTuRTjKytth3WJpMc701HGmT58iO9vLqWgDxxDukd2v/LNT5v8DNXKr/O3XcJYAAAAASUVORK5CYII='),
(23, 3, 'Gamer boy', 60, 'data:image/png;base64,iVBORw0KGgoAAAANSUhEUgAAAEAAAABACAYAAACqaXHeAAAABHNCSVQICAgIfAhkiAAAAAlwSFlzAAAB2AAAAdgB+lymcgAAABl0RVh0U29mdHdhcmUAd3d3Lmlua3NjYXBlLm9yZ5vuPBoAAA4/SURBVHic7Zt7cFzVfcc/59zH7urtlWXJsnCNQcEOwZQEBxIChgBDKDVkCmRKeUyhOO50EhMzg+3gQHYyDhaGgSGpSxqHybQ4aSEJFJSYlKfBpSWQOnWobeG3seW3ZVnSPu7ee8+vf6wlr/zYl6QQZvqd2dm75/zO7/c733vv7/zOYxWjCEFUxwMdn8biBiVqFtAa+EHb1q4t0Ur0nTXt7Izt2LtFSbcS9aZW+oUFiQVrR9NnNVqKOh7suFaUdCjUjPzywA/Y2rWlIp1nTTsb27GHFyrWCbLom4lv/rpiZ4epGyEeTzze4OGtRLjumMaDStQLKH4loWx2LXfv73f8PlWJ7hlTZlRlw+xEUfIJpdV1wPUITQCC/DKqorfPT8zvHYn/IyJg2beWtRvbdCKcg+Io0OEedZ+49/F70yPRezokEomqmIndI0oWAXVAlw719QuWLNhcqc6KCXg08ej4QILfAFOBTUaZ2fcn7t9Uqb5ysDSxdKpCvYhwrijZaWN/9r7EfQcq0VURAYlEwo0Re11ELkHxnkqpKxcuW9g/WP/AB0+ff0aNdwswC2gDqiuxAyQV7BJhtdLy9JzWORvzfKiLSvQ14EJRsia+J37l3B/O9cs1UBEBDyceniciTwB7lFIzFyYW7gH4+uaVdTprnrA010yry06sRHcBhCLqKXQwf27r3BTAksVLJtmO/R7CRISvLfrOouXlKi2bgIcXPFwrMdkCTFBK3bgwsfA5gPnrfxQ3yn0VuMDWDJxTm60pV3cpUPDbdDR65bzG2/oAOhIdX0F4BsXBDJmzE4lEXzn6dNkeVHE7MAHFbxYkFjw/WGxUZCVwAYBWUukjXxQCF0YymZWDvxcmFv4MeBehKULkr8rVVzYBgnwZQBm1QqEE4Bvr/+kmkGsHZdQo5hengoLZP+j+0ezctRJR8hSAFn1Dubrs4iLHkUgkqhBmASYIgl8Olhul5pXSY8kEJF/eir/pECY5PF7pagfn7EaqrpqKrnGL6rLgHqATwGRNp+VYT4qSKx6b/1isnGG4rCfAxW0DXGD34ocW7wdY0PVUrYLPF2tr+jx6OtaQemUr/s6jhIdSwz7+zqOkXtvGkWVvY45kivoiisuWH1heA7D4ocV7UexFiHj13qRy+lQWAQrVeuxyz2BZNtRnAVaxtv0/30B4uPiNCY+kGXhuQ3FnBMcKY5Pzfnef4GNJKIsAjW44ZmQo/RSs4tE+MHjr9pVsx3v/ABKaonJKJD50jeo59h0/fYuTUVYMMMYopRSiRAbLNEoZZJjcib5nkz4bPIUZCGhoqCsaInXMpSEZ4NQVjgUaM6RJlAiS87HU/kCZBJSKQBS9vqbByTEhIgz0ernKdJZYVaywgoFwLNw6JYoSsPzAj1scP3wSpCbT5U1IvTWANcH+7A+7V7wCMBD4DTuTJ6vpTtkc0oKtIUgd71AqmcLzPCzHQlsKpY99LNCuhbEtjNbsTFrYllPQtxonnAqsKbfT+ShKgB2YGcCXQaEjuadLR3QjqKugcBDxjMIzEIbDn8owCAmDwnc5FSisoPDTHJGisbcoihIwt/VvXl6xe8XnRFk1/s7gEiARHgreBb0YwPuvDz/VsHbfI4icVpcJITbOQRk5ncgwiFZEn/1vdIH+CZggCLeVpLAASooBc9rmvAOw9MGltUopTNoc/uqku14FeOimmzzHmKJ6IjaUlSDuOFhMQmtdfiZ/IsYkCObDsRR11TYV+yrigQqAARECUXhKSAsSGGVGHC3HnIDmuIttjWhqEDn2OWmCJVLoJSkNFRNw8+dujmWdzKPr+tXlzXW1tLRNpL72uI/jWiaiQ5+qiMY3Qr9nqI9aWArCVD/p7esxfm5o1E6E6JmfxK6qIxQ4mgmpjWgcnSPOVzb9h/YP6d574AhbN21HnOgjd/3FX79r6ljwByGgeWJzOwJexrvgvFnnvfTbt9+b5fsh/aFC9aZoOfsTAFiORbyleaidy8m3z4pPpGdHbikvfmY7bn3jUN2JWYILJI1DEAQAfPDuB/T0edQ3RC6yNRdNn3zOjIaGcdNisRiBCdrL6VPJBKxatarNCqxEOp0Oew71tLiu25JfH6SS9G5YB0CkpobmlmZCzyO95Xd82OtzMBlyRr1Nc12E6ukzcerjmMZcKu/U5bLX5Mb32N/nsetoQFO1xeQGh+r2C1BuBPvAVkgnc8YywxeZbced5TgOdQ11RGPRb3d2dv5k9uzZ3aNKgArVTEFOm8KFfpbU3l2569o6AMQYMrs2sW+fR9fBLLFJERpa6qiePhMFWPuP7Re05VbPMnu3c3BfP+u7M0xrcpnQEqGq/XwUoI7uQ6f6B40VcrXKxZ0JjC4BGOxSRzE/lcQEAXYshts4kWnhHhpimkl1DpHWqQAEA0exDu0AIByYgV3bQHTimUzxNuJYMLHGxmmciHZjSOgTZkrfWjDGFE4h8zBqo4AodQRhHIAJQw52baD5UzOo/cwXiRzYRdzPYkWrccbnZqvp7e8Ptc3sWE/NeZdQPe1C3PGt1GeSKMclMiH3iqR3duWyqWPwjRyBnK2RomwC0qkT5vTHJoahqP35Tu1e+y5uVYxxU9uJtEzJEzekNv8P3p7tQ2WZ7q0oN0pV+5/iNE0i//ZlureS3rxumMmML/uBcSfmlalkimisvG3IkgnoO9qX8TzvcJANGvPLwzDEhCHatjL5s2Ixhm1vvcHUvV048Qkoy0GyHtnDezCDwSwP6e3r8fbtwG1sRbkRJPTxew4Q9h85SdYY8QC8TBbHOU5XJp3h4P6DGTfqlrw/UDIB/dn+t3VWn5R5iQi9vX1EXXcctYTkrQ4J4PcdOWUnTgWTTpLZXXSXyxjBR4GXyWBMiJc+voTmZ/2j2tdvlmSQMlaE7r777p4wDD/jed6KZDJJ1vN2D9aJMWSyXg/wvye28/zhqyN9Ax79yexJ+vuTHn0DXimu/E4UQz32sz6ZTPoflVKLEO4Jw/DCW//u1tIYp8wYMGfenN0PJR76Ny16jutGNgss04pJCKEx8gtEbkCp8/PbpL2QmJvjWYDuff0IEIvYxKI58+lMQNoLUApqqyOoQqONkpcFfq7hRhSWEbr1Y/byO7mz+BraKVB2ELSwDggCmubONZ3fz6+becMNvrasB8ib9qUyhnG1uQIFtDTVsP9wkrSX6/QgtFZMaKwu3HkwRszTnWs6NwJDByU6c6vjFaH8OVqKD1B4wLTv3v/dYft/D77wwvsKfpFfFoRCMn08dIyrj9I+JU5bcy1N8Sqa4lW0NdfSPiVOvL5wBFfw4h3/8MzGgkJlomwCFi5b2C8irwDacqx7T6xXIouBYS9570BAmDdCWFpRVxsZIqCuNoKli2ZZKSN6Ubn+FkNFs3QxsgRBgG90PNhxTX7d/c8/v0lEvpZfFoTC4aMnB74yrd53+5MrPxihkpNQ0Xz6tbde6776iqurgUvR3Hz15Vf3fuHyL6xdvXq1AXijq2vtF6dPbxDUxUkcMlh4AdgixCIVcC7qkdue/OlDlfhaDBWvVDx787PWtnO3LUeYCyBKdirUiwq1xWAyyoja3rXlO9nATBhs00CWM6sD4rUlx16DUktuW/6Tb1fqZzGMeBd36YNLb0GzVIn6k/zyIAjYunH46TAHYTL9RBzN+HoHxz69eT8I8UNu+epTz/zrSH0shFHZxk4kEnbMxC4FLhMtkxSqQUTUlg2brwnDsHZQroaAZo7P6qqjFvXVNq5z3A0vG9LTm6a3L4NvWWcse+ml3YwhxnQf/64b75qqTfAtN/TutExIjT+AhRCNRdCWRqFQChSCEkMy4+P7x4fM4ONOAMCCa69ts8NwV6nySiks28a2bYxlnZF47rkxJWDMV4Xz4bgu2rIQYzDGgAiiVC5L1BqtNdqyhu5KRbltmRhzArQxUcjdWcc9tttrlTb6RiyrojPG5WDkWyvFDBhzMYAukuSfCmEQXDTqDp2AMSXgb//zyUm49hIA7ZS8TDcEFbU7Vqz7XtuoO5ZvY7QVfn3z9yLaH3eZUjJbhNt1byoT+8HrLVX9PsWmevmwW2upv/vTWaupOgmyUkFnOpV+a177vJIWDUrFqBBwyX/8S6s2wZ9Zmi+dO04us1XuRDdAVeD3tFX78eCd3SRf31b0AJRurKL66rOIXjwJZQ1/QAPD4S0DzltG9KpA26v+ftote06jpmRURoAk9KVr2i/UmD9Hcb0IMwZ1ORra60UaXFEt0ZAqOy+WC/jbjpDdcphwTz9mIAtaoesiWE3VuNObcCbXn9KrrFHsTNpkh5+A2QDSqeHV+v2TVyeuuCI4uWVhlE6AJPSsN6deF3X0/KyRi0M5voOlFNQ4UO8IdS5U2TApFlDrjM5ANhBodqcsQingruIAhlWi+Fl8+rZfJ1SiJOMlEXD5Gz+egmW/aOC8wTJHQ70LdS7UOsKppvNxN6QpEmJXGGoDgQMZm96sprSjFYOQdwLsv1z+yVt3FpMsSsCVr/60OXDNWkFaLQXjo9AQEapKzCAUEI8Y4m6Iq0vrRtYojmQterKaEg+VnAo7HJ+LHj3/joL/IyjaDT8SPIao1pgNZ9ULTplRQ4DDnuawp3G1UGMbYpZg6WPGlWAEskbjhbnH3SvvpNvpMCVweBS4o5BQQUuff/ufJ9ghexTKmtYgRP+gifOoIDBO0Pr99rtOe96m4NvpGC4CZcVsPo6dB7B1YBXMJgsSYIRGAHfkp9E+MijU+EL1BQlQKne0acznzGMJIwX7OOaToT92/D8BH7UDHzUKEiAi+wvVfxygFB8Wqi9IgBUGrwnsNEJ/Ibk/XshmamNvF5IoSMDqK+7MWCFX2Yp/Byr6A/RHhAHgV9q2v/T4GV8p+D+d/wMcI6WLmk6C2wAAAABJRU5ErkJggg=='),
(24, 3, 'A Knight', 85, 'data:image/png;base64,iVBORw0KGgoAAAANSUhEUgAAAEAAAABACAYAAACqaXHeAAAABHNCSVQICAgIfAhkiAAAAAlwSFlzAAAB2AAAAdgB+lymcgAAABl0RVh0U29mdHdhcmUAd3d3Lmlua3NjYXBlLm9yZ5vuPBoAAAytSURBVHic5Zt/jFxXdcc/9735/dPjXWftmNgG0zqWk8ZO3CYuToBGqhVTh0htVKkSKCkJEaqoQBWQplQdoShslFKEW4qEmghCqJQNVDgRhKBQVyS1UwhJiaVgcEywg+vd9e7s/J55v+7pH7MzO7M7b3Z2Ztap1O9qpZn37o9zv/ecc+8994zibUA2mzVu2nfTT1HsXXz0ykuvvPS72WxWX25ZjMvdIcD+/fvTbYMHuP6917039XbI8rYQ8H8J/+8JUJezs8m/ndyD4n2BSODma6655k87BVFPipIXtKePH77j8OuXS6Z1J2Dqzinz7J6zH1KiPgb8HoAZMLn2umt962jRr5qYXzr56slvrLdjXFcCJrOTBxH+ERoOTylFMBQkHA6z87d2dpQtF8sEggEikciSVMLrStS9h+44dGK9ZFw3Ah7OPvwJ0fL3KEzDMIjH40QiEZRSKEOxZeuWjvLTF6bRWqMMRTweJ5FMYJgGIqINw/jkoSOHjq6HnOviBCezk/8gIl9EYUajUcbGxohGoyi1Ot+ihXKpzOz0LNVyFaWUISJf+v7T3//iesg6cgIms5MPIHwSBclkkmQy2dfAl0NrTX4hT2Gh0Hz0ieeeee7+kQrLiAn4fPbz70PzIEAykSQajQ7dZqVcIZ/LN78+9Nyx524ZutE2jIyAbDYbU6jHUKhoNDqSwTdRrVSplCuIiNLor09NTY2s8ZERECV6D8I7TdMkkUiMqtkWioUiruuilNqRCqc+Mqp2R0LA1J1TJvBXAPFYfCCbXw2ihXKx3Pii+NTx48cDo2h3JASc3XP2ZhHZZpgG4Uh4FE12Ra1aw/M8gG120f79UbQ5KhP4Q4BwKNzf7AvNgQCNz1qvvuETEay61fis5NCAsnZgJAQYGIcBQqFQX+VFhPnZeTzXw3M95mfn++6rSYBC/cEAoq7A0ARM3TllishugGAg2Hc913WZmZ5hZnoG13X7rmdbduODYu8o/MDQBJzZc2Y3EDIMA8NYY3Oy+L8GNM1FRCJWydq1ttorMTQBJub1AIFAoONkEY+43H7wHDdcPUc45PlV90U45HHD1XMcec854tFODXEcp/nx+kHlbmL4pUTYB4sEtCGTshhL1xlL19m9Y4Gf/zrDqbMZbMfs2Vwo6HHtzgV271ggaDYcYyZpUaktte/YDuFwGEH2Ad8YRvxRrKV7YSUBtrukXEFT8zs753n31gLfO7mNUrW7r0jGbQ7f9BaxSOeM206nojY1QKH2DSv8UCYgiEI1NMA0Omd2biGyYqCxiMsNuy75trd/19yKwZeqQeYKnTtfz100KcU+ERlq1zUUAY989pF3IaS7vdOi+OHL76BY6SRhU6bu2974hs53xUqQ51/eiu8WQUg/+51n37U2qTsxnAYEpKWC7RubJhZKIb7zwg5Ond2ILHp7hUexWOzY+GitKRaLKJptKH5xPs3TL76TfGnlzrLd3MyAOZQZDOUDNPp6tej6bccmEo2sKON5Bi+f3sT5mQQ3XzeNabjU63Vs224dmsrlcouQUjXIf762mYvzMd9+27fbIrIP+NagYxiKAEOMfbK4kFuWhed5mGZ3Lz+7EOXYi9vZvW0ekNast+P1N9Ocfmsc1/VXTNM0lx+1h1oKhzMBtWQCIkKlUulZ3nUNfnZmzPf9a2/0HjxAKp1aHskcygQGJuDBv3lwK8JE+7N6vU6tVhtGnp6IxWNE4ytiIRM/OPaDKwdtc2ACQsFQV+ZL5RK2bQ/arC8ikQjpTNcFB1EysBkMTIBGd+9UIF/Ij5SESCTCxvGNvkftRUc4EIbxAXt93wgUCgUc2/Et0i/C4TCZ8UzPG4xhdoQDEyD0VjsRoVAsIHqNx702GIZBZjyzapDlspvAQ3/90JgStX21clprqrXqIF0AEE/E+z1ib3/+3573X156YCACVLh/lWs7uq4ZwfAaAiyGO5AZDESAoY2t/ZYVGc4E+obJQEvhQATUjNpTSqkvALlB6o8YORRfKNaKTw1Seaij5NGPHw1XMpXblVIfRbgVtbK9YDBIJpNpfdeeZm5+rmt742PjGObSnIxPjPcKtP5Uob5qK/uJI0eODOxoRnaD8fBnH95FgLtF5CPAePP5KAkQpAo8gfDl2z5422ujkHvkVzhNrfBc7wEzYO4NBoJsHNvYeu/YDhcuXCAW7zztVStVtm7dSjC05PiaBNi2PRsKhv7OMZzHh5ntbli3BIm7/viuw+FQ6LubJjaxbcd2AsHGwdO2bP7rxZeIJxNs3roZaCRHVEplbjx4E6FwY8Zdx8XzPM6c/iW53MIHvvbtr31vPeQcyf2aH2zL5sL5C1z8zUXGrxhnYssE+Xzjvr9SKvOr02cBaB6ppy9cJLUhxczFGeZm55aCJuuYyDOSm6FsNtuTSK01s9OznHr1FG+9eb71XBb/mjj35jlOvXqK2elZtNaYAZNYPOalE4kVR8DV+uwXQ3H72NHHNilDfUWQIyjqwA+Bp2rUnvnJv//kFiV8t728YZhEomEM1Zt3ZShM02ztA0T4wM59O38UJXoEuBO4FQgDzzgB52P33Xdfd6/aBwYmIJvNGts3bT8uSLeMjZplWf/95plfHcjN5xpRXAUb0hs6vPxqMEyDZCrJFVsmToZCob3ACk1QqB+du3Tu/YOm03VVoyeOPpGyTfs2FLu06H+95y/ueWN5mW3j2/7cZ/AA0XA4fODqa3Y3cn1yeebn5vFsF0/3viUylEE8mSCVSZFKp5pacMCvvCC3XLXpqruBR5e/O3HixLsNbfyZgXHaxn724MGDpeVlOjRgamoqVLpUekChPgXEAMyA+ZsPf/TD25RSLWP95j9/M2OJ9QtgU8/RLBdWC+VymWK+QClfapHhM+i1YN4JOFe3m4KIqB+f+PErLB3bayIymcwkJ/fs2dMKVrQIePyRx+NOzDmmULcCBENBQqEQZsCUoBn8k7Onz/6Hg/PbaHZH49Hbk8nkB4e5lNBaUy03Yoix/k99XaGUklKpdKxWqT2Nwc+DBH+59z17DxgYTxrKiAdCgfZg7XEzbP7R/v37q9BmAk7c+YoSdasyFJmNmfYQt6rWqk/aYjfKKqhWqziOQyqZwgz0vuvzg2EYJFLJQcfcgud5FEtF5djOHSjuQMDGJp/Lu7ForCFztTGh8UQcpdT7Xcv9MnA3LC6Dj/7ToweUqA8BjG8aXxHfj0VjgVS6M53fcRxyC7lGEHTwA99QqNfr5BZyKyJPqXSK1uAX4dgO5VIZBBTqrpMvnLwRFglQqHuhEYBo34q2Y/OVm1c8ExFKpRL5Qr7rzdB6QWtNvpCnWCx2jTh1kxUau0vLamSYGKZxLzQJUI10k2jMP/0uFouxXAuasG2bXC5Hve5/79cN4Uh4zUlVlmUxn5tfyhRZhlQ6RSzmf6vUCtYKN8OSD7gCWNWet1y5hWKh2PWdiFAsFltXXqs5tczGTCvGX61Wyc/ne5YXLZQr5VXvHfxmvwnttbYLW2BRAwRpObheiMaivlrQRL1eJ5fL9QyLK6U6LjhisVjPwKdt28zn5lcdfHpDuufsL0MQBjgLbLlyy6pltNbk83lKpVL3kFi3sXZ51rxuy+fzfaXRTWyeWLXMcgSgsY72G7trakG1UiUUCuI4rm/gs1arYdkW6WTa17n6wXEciqXiUjJEFwSDQYLBALbjEI/HV8QY+kEAGvbV76nA1S6bJyYaNr5Yp1yuMH1xumu6m/Y0C4UF4rH4qqreRKVSoVKt+C6vgUCAiYkJkslEh9wisuY03TWZgIiQm8mhTKOj40QizlVXvcOfRGkMamFhoWdOoOu65HK5xi2zz+CVUmQyGRLJ+Ir+7MUlbi1oOEElfZ2katUa2vO6jjMcCZNK9naQrusubZ6Wt12rkVvIrZo02UzH7TbTogXP6zvpUqDpA1BfV0odcW13wlWu71pYr9XRImjRXc/00WhkRdJDt2675RH0mvV2NH2J1rrrUuvYLq7h7zdM0/QEmVFKPQ3LlGgyO/k/CL5uPpls/AokEgl3dTjzczkuXfLPAmsJ0eVnc6d+dqqnw2sikUgQi8UIR8LEu8iQy+WYnekhg+Li/dn7W5coyyk8Tw9YdsPG6nWLem3lrq9cKfeqPhI0ZbB8ZKiUe2epKNSv2793BkQ0j6K40a+ybdnYtk0oFKJarVG3LILBAIjCsi1q1fXLDmnCsR0syyIcDlOt1rAsuy3ibFGprBI1152Bkw4N+MznPvMvCH8JvNERrWxDvpCnWq0iImhPY9VsisUiszOz/Y9iKR+u9zMfFAoFKpUKguB5HvV6nWKhyIyfDI2xvKGU+vinP/fpx9pf/S+IaVICc/QiJwAAAABJRU5ErkJggg=='),
(25, 3, 'Villager Girl', 65, 'data:image/png;base64,iVBORw0KGgoAAAANSUhEUgAAAEAAAABACAYAAACqaXHeAAAABHNCSVQICAgIfAhkiAAAAAlwSFlzAAAB2AAAAdgB+lymcgAAABl0RVh0U29mdHdhcmUAd3d3Lmlua3NjYXBlLm9yZ5vuPBoAAA1nSURBVHicxZtrjBvXdYC/O0+Ss1zuU7t6R7KlyI7t1LCNJkV/tHXS5EeMAgkqFA0SR1ZbxYXhAgWMokWAbmGgQBobjlU0QJoC6SNBENWOXSBN4UdTK4WtJI4VS7LkVFIsraRdPcnd5ZIczvP2BymSM5xdcocr5/zi3LmPc86c9z0UvE8gn/7aR/Cdx5HhA2hGDl3Lo6k5VC1EKGXgAoJTSPG/6MEPxCOPXHw/8BK3cnM5M6ORG3kSz/siMMLQEGQyIHoeGwKHga8yf/77YmYmvFU43jIGyKcPPoJd/3ukzJHPQzaX9rQ3UcRj4o8e/uk6owjcIgbILz/zXWx7L9ksjIz088V7gQ/iS+JPHv7yeuDXCevKAPnUUxN44i0cZxv5PAzl15vF36GS2y/+fK+9XhuuG3rymWdGsP2zuN44hQJY1nptHT/pJerLvycef9xZj92U9dgEgLr8Ka43Ti53C4kHEJ8gU/jGeu22LgyQX3nmX3HquzANGCmsx5a9Tvyc/MdvPrIeOw2sAvKpZ++jZr9JKAUbJkHT1gOvfmAJqd4hDnzu8iCbDI6t732bMBRYVl/El+0ap69cZn6hRMVp2DLLzLB5dIxd05soZHP9nlxA+H8NfDE17gwoAfLpg/eyXDkKwPQ0KCtr1FKtxqsnj/Pz2feQK8xRhMJdW7byyXvu7ZcRHmrwAbF///yakb95ZtqFjeP9pwEwM6sSf+bKPM++8gOOrkI8QChDjl+c5dmX/pP/u9IXTTq+um9NOMdgMAb4/kcByGVXnFL2ihw++zaO55I1NXZsGeGO2ybYMpVHVZIF0PE9vvX6YU7O9ZUOfCYF5i1IrQLyK1+7h+riMQA2ToPo5qUdVDhfO47n+/zsdBndMOik2fMD5q5WqNle4hmaqnLgt3+XTSOjqyMTKFPi0c9fS0NHegmQ7u8DoOuJxEskc/ZpQhlimjq/88A0EwU9MkfXVLZvKjA9YaGq3Xv4QcChn7yOH/bIhbTg/rRkDKAC8m4AVDXxbdG5hBPWEEKQzWioCnxoR56NE2ZknhAwNpJl1/ZRpieHyGX1iFheXy7z6qljPVBRdqWlIr0bDNkIgNLNgBCfG+4cAJmMhmjKvRCwa4vFaN7g9IUKftA2iYoiGCtkGCtkkFLi+iFhKFGFYClcwAt8dHUldOWmtGQMIAFBI+RLMGQL7lUC6aOqCprezaCJgs79ewpMT5iIBDMkhMDUVbKmhmGo+KHP2eKlVXARPYzEyjCADaAR8Ce4vwX3KgCaqnB9weXS1Trz1x2qdtCaY+gKu7dY3LdnmKkxgwQTEIFfluZWfikYWTsBDRhEBRq+L2YA7aCCE9YAcAL4xWyl9c7Kady3ezgyP5dR+eC2IW7bLFlY9jh7qYbnt42eoSuYmoKZCagGFSx1qBsXKVMnIAOEwjIDdKnAsl9s/hLkcxrbprK4QYgMYXxYZyXQVMHkiIEiBMVlFyFB1xS2T2db9ZSAZSCBAfwqGCDDBjVxBngloOEchIAPbMxytWgzlNOxsr2PGy/oZAxBpeYxNR4NsOqUGW7a3iguSmoVSG8DQtmgpkMFAulTD6uN4aZxW1x2efG1i7zyk/6Ttpd/fJkXX7vI4rIbGXepIEmICZT0EjCAEZSNtR1GsBaU2++bguF4IVKC4wb0C64XNNZ4UWIlEodK9wLJ+8sAefDgMLLpwztUoB5Uu+aOFwx2bc1zz+39e6q7bx9h19Y84wWj651L9xlAVh48aCa96AXpbICU21q/O1TADdu1ypshjqYqPPjrCXq7Cty5c4Q7dyartUc9eZE+UgDWnA+kU4FAtCOvjpL3TfcHkKSq6wH+SgwQQSo1SMeAUDbD4M7lEifolIDVMv/00JCApL3V95EBQk43VncYQLdOSNvQheGtYYEkwAnd7heKTOUKU6qAMglExL9UtSlXo3l94HfrgQxly35GxmXjXS/wPEGlnnQlkM4VpjOCIpgAIh6gYttcum5z5452tOd7AZrWESeEkjffXUJVBDs2ZsnnGonSci3g3GWbIJQ8cMfIqnnBlQUbM/OrZoBkDIioQMWxOXOxwge3t0tdrh9ghh3pMAJVAdsJOHW+259nTWXVEpWUcPlGnampBBUgXTSY0gg2E6EOdKuOQ7Xu895ch5+OBUCKAvfuLrB9KksuoyIUgVAEuYzK9qks9+4urFZb5UrJoe6GOH4CAwSZNKSkzQW60HR8H4Cfn1lketwkn2uoguv6aLpAa1aONFWwfWOW7RtXLqQmgeOGnJtvuFkvTIgqb0ama4SUXkCUm4e2hrygwQDfD3njRJGgw/7VbR+ZZPn6BD+QnDrXriAFMiHIkGIxzd5p3eBsA5M2Il7Q/irFJZejp5e4WcsMQ0m16hL2YeXj4DYZumz7rTE/SJAAhStr3pzUDFAONzDxWjFJEES/ysKyx5n5Oq7fmBCGklrNTXSNK8HisssLP7zA9VI0+gtkAgPC8J01UNCCdAyYGP4vhGg49LD5ZeLmW0psN+QXF22uL3lNHCXVmku97q3q8/0g5M2TRf791VkWyi4i1mGS4CnKjFpn0pCSigFi3746ut4QuWZQosaQvEleKGGu6PHelTqu1/hyrhdQqTjUbBfPC5rBkaTueCws2bx8ZI633i0SBMlMEt2u4hWxd2//+XYHpK8I6doLuO6fYttgWSix2mAc9TCQ1B2futOQGCFAEQIhBFLKSOjs+bHVsU+udPccvZCWjPQFkeHsX6EoIa4LnoeymgMHFFXB0NVWkCRlIzL0g5CgSbyqCAxdRYmV2eI7K50jgiK6fD4tGakZIA4cWMIwfwhApdLFgLjbEwIypoaVM8hbJkM5AyurY2V1hppjVs4gY2pd4rOqDQjls2LfvhVy5N4w2O1wIfNZVCXAthGx+7u4kHZegAjRuAlSVQVVVVAUEemki0tAlyVoT76MFn51EBIGYoB49NFrZLJPAlSXy5F3cYnQkq8QE8HUomvj8UMrFBbyMbF//3L/O3fDwE1S4ok/+xvfMI6fLRUj46YRpVhT+7+Jz5pRtBzXjzzPl2/gBO7XxR/v+94a0e2CdekSe/Lwfz+37LUTFAHkstFLkJzZ/1HjI9G8pmZ7ETWo+y7Pn3gtVT9AHAZmwN8+9NCegPBLnWNDloEeEWOBlen/qImCETF8nh9SqcZqAIK/eO6xL+xJhXQHpIoD5MxMDqE9iOShfzp54gsVx2l9biFgw3i0UbJgKSu2wySBoStsnsxy6Vq7yHq1WMPKma0ajJQYBWvouPzGv7wI8vuEzn+IAweW1kpL31jJQ4dU3v3lHyDlwwjxW0ipX61WOHjsZ5F5G8ZyTIxFO7xu22iSz67BCgLzN+q8djQq5RNjOTbE9v7Unt+gkBkCcIHDSPnPjFrf7Tcy7Esu5czfTXPq7NtI+S3g40ipo+u8XY5moIauMh5DcHjIWDPxAJsmMmyZil6EFku1Vjh9E84ttK7cDODjCPFtFu235D98c7qfc3oyQM7MaOC/AtyFqsLwMExNweQk52IMGMmbEZFSDZNf2/cEhY98BmPjbYiEbpI4CFXDmL6d4Y9+mk88MYNuti98JLBYjsY81yoLSVh/GF28JA8d6nlgbxsgjM8im8RPTkbqgIvV6DWVlYteZe38zY+RG5+C8Smyux9A+h5e8RLB0jWC6iKy6c+FZqBao6iFSfTxLQit7UHu/9RDHHn+udZzrR51iVV3xc75e1is/iHwb6uR15sBkgcb1FkR4kMpqdSjh8d9/ejWnZFnoekYUztgakfPY2/C5t27I8++H1UB23MaiUXinzLEx+jBgD5sgGxgG+sDVoRA16K+Pp7ih97gLf2+E91DxLJOTdFW+0fKzpVetNb3RkE05DrhjKGMSanSvgxpVIXaaqccOYJlS9xNm/DGR1dtp41AGKIXSxjzl5GvH4m8UmNSZmrdN8ht1FkHG7AK5AyTUsd9vRcrd9XrNplzs2TOzSJVFXfzJqofvgu5Qm+hCAKsY+9gzM0jmnW/SiV6f6DH8gRTX7ntph8YKBKMFya6Kr8dzyIIMC9cxDp+csX9rOMnMS9cbBEPIONZpojXCgYLZlOvDqXkWiwDjLe7agmNjebsBfTrN7rG9WIJc/ZC93wjKuLx4utSvTJQyT01A2ZvXKfuRm9osmaU4GEzueffOnYiWj8IQ6xjJxLnTgzlI892PXoB6wYe16qprgSAARhw7MK5yHMuo0cuQgUwlhsmCdRKlczps63n7OmzqOXktH7z6FhE7P1AdnWXn19M/6+ZVAwIwpB3LkV7+Qv5aIvOhDVKVlu5bSd7+ixaqYRWKpHtYEYc8pksW8fGI2PlSlTyLixeJUypBv0woKtJd26hhN2Z/4tGzN8J20Y2rLqpCEMKP3qDwo/e6CqnxeHuLdsjz+VKPdJj4PoeJTshEZScX3Vj+mKA+DqxstzcQrT6YxhaLWIAhWBrYar31n3Ch7Zs7VID1/NrnXOKtXJ8mUSKnv8v7MkAMfOXL6OqexHKW4APUKpUIwqrKmK283k0Y9UtI9VtdSIUsjmmhwuRLMgPZMRlVJz6TQ54wFGk/LQ48PD/9Nr7/wHzGBhyx2iL5QAAAABJRU5ErkJggg=='),
(26, 3, 'Magician', 65, 'data:image/png;base64,iVBORw0KGgoAAAANSUhEUgAAAEAAAABACAYAAACqaXHeAAAABHNCSVQICAgIfAhkiAAAAAlwSFlzAAAB2AAAAdgB+lymcgAAABl0RVh0U29mdHdhcmUAd3d3Lmlua3NjYXBlLm9yZ5vuPBoAAAspSURBVHicvZt5jGRFHcc/Ve/162N6ZvbeJbvIITfInfAHREAQjIgIZBUIN8qwC0KIIYhBsxK5BCXBOCGEyLELKkskGoIKIocEFQXCscuxwJ6zs93TM9M93dPHO6r8Y2a253W/7unpfu03maTrvarf71ffV7+qX/2qRtAhBi4buEAIcRdwCCA6lQfgei7FcgnHcQAwDSMXMSJXPPHME38MQ/5sdGTw2svWHq6Eeg8wQ7JnLzSa7EQOpRQAhmE4nuku2rhxYyFMPbKTxkqoM+hC5wEEgohZFe15XiQmYqeHracjAhB4IdkRCF1T9vBC19cRAVrp7WEZEijfU76y4Rj/DVtHRwSY0uwqAZ6uEiClVOufXZ8OW0dnI6DY3REwMwECSESpGzo6ImBw42ABGAvJFh+8Wnc3ZLYbejqbBKfQlVGgtN//JXJPN/R0TIAW3XGD2cMfQIruEN0xAUKLrhjm1RCg4ONu6Ok4iDlp+SKWWVYYtviwVGl6RTVQfTWXzTwZupYQCFgVj9qnLF8Shi0+RLJFhOPuLX8S6wk9BoAQXMDV4r0wDKnDLBfQwHm/uPO1bqjpmICSq94MwxAfNAhVDYTtUPaYwWhL9Lp162Rqa+q7SqkTAI5Y0He5EOFshaeNEj2etjSQtW12FPIqU3E+RmhPCLFhwzMb7g1R1/xx3RXXrUEzGJYRcyFfLGDb9t5y3Ip9K6zcQHsuoDkiDOWtwjQMX9nT6uSwZLdFgFb6EWA0LCOaQSlFZdbXN6RRkkrcH5b8tv32nw/cvX9/T/yBiBSHRJbv80URMaNhGYVtw9gIntJkJkvYZsQuWbHt5bL75o5NY9ddP7gutKxQ2wToZ3/zAoKvArBiJYQZDFUqkNpdLSf7YNHimdJt4vjT7wlLVXsuoLVA8OVmdSqOyz2/fZHn/72pJZkPPPMyG/72nxaUi1DTYm0RIITQwFvN6uQmS2xPjfHhjtSc8pTWfLIrzaZtwy0o16HGHe0HQtK7FMFzQBq6mxsE7YHYgRaDlKN3hSm57b2A+Ob3tgLnAui3Xn4fOGr2+wXJBF9YtpDD9l0+pywpBIfvt5xFvT3BFTx3kzj+tGPatbUZwklpC/K1jyzT4LZLzmpZxI3nn1Yt6Jp8sGF0JRsE4WSEQBButsZz/WUth0KVPwvhEKB5OxQ5M5g+EtsLycuhyveJDgNC/DUUOTOolKu/paGQ+fXzFZHdfMtTuU23/nSueqHt4PTbr2wC3fkewXVgeFf1WCieeFecfdGx8xExufnWc2y7/BwIbVmJlT1H3NVwfQ1nBABofcccFWAiC+USKA+Kk1Comzshl6t2XkiI91w9X1Nc5f56WqdwtP1os7rhjQCtBe+88iJwRmAFuwJ7dvufSQmr9quWy2UYGa4SkEy+KM789pxLid60zirF1YAQ8kjXLp/mlkqH+tSYZkbDkJDy9f4j7rvB966FvrWEqejQuRzYFVjBisLipRCLQyQCiR5YuqL63nVhNFXtfCyW5rPxc1rRXezhKIR4UKMHpBU91IhGEaaJmE6qKtddol33GGXb1098/ANfAjP0ZJN+69XDEeolYJ+WG9kVSKemXAPAsrL0Jw4VJ1/Q8llg8fOf3IIQP6+xBrtQQE+fMhkR656+I++7bXaN8OaAaYgTTv0QnBMRvD5nZeVBdgz2DFc7H0+8z7LJlfPpPEDiwDvu0+Cbh5Tn7T1hNqzofbWdhy4QACCOP2s3x756Klo/gGNPzexKgafAsWGyAKNpGNoJEzlAT22ne/vWirMvOlqcOFBsR69GvzHzW7ku7mSBGZ/ytH4qqE1XCAAQYp1Cyj8TscD1IJed8vGRFGTHwXbANKfmA2lMJUE+HX2kE51SVPcjXqXsi6gjkjOD2nTleksVKgECYrGpv1rs2T3l/zNYmUwC422r03IlaDzrAF1KHCdUaQeJ/Gtoz0YhDg5q0rURAOAoedF86m+ZKP+qI30mP0OLk0oLr9CV2NFMJM9hZOXdJRm1buw1S7cEtenKkcO9P7rz9KvOP/XxpYazb9OK6eGptX8aFVfxr7HiyJ8+2PadXz74y7bj/3RReyUHWXI0hqR08CKZaFQ3NBe4/fu3nxWLx34cjUZPsCJWPOLZYMzBbyLpIyBqSnanJ5fGdPTvt990u1bKS2cLuZsGHx38fVh21qJtAm5efXO8HC+frLU+F8GFiZ7Eyp5ENaGxJVXgxH0SCNNoLCTZC0JAPge2jXI8hgtTO0GlPAEs74n1/O6i8y9eL4TcbEnzKZERDz72ymPlxkLnh3m5wLUXX7tEWOLrAvENNF8DegFi0Rj7r9p/b+QFcM6SGCu1i0zGMPddhlyQDBaqwf18iMoHW8Dz+MxK8HSmgJ6ewoWUbN2xDcdzpg0W2jSNIWkYzyfpueOhjQ/V5Qrm4wItETBw+cB5AnED8BUCJs5V+6yit6d3b9kQcPUi0ydc9iYw91uB7l2CcjykBMb24O5MowtFvEwGAMeM8Ljox3FsKrZNpVKmZJfZPrQjwHiBGTE/N4T84fpn1m9sh4CmLrD2yrUrlFZPoKfz/wEQQpBM+L+upJ5ZlS+iIv1IKw52Ac9RiEgfujLkuxApxJRMy4piWVF6k70UCgXSsTSO4+DOujyl0TiOc6ADT19y4SXvJBcnT3n44YfnFUQ1JGDgyoGDlVIvAU1ncq01xVKR2f4fCCmR/f1Tvw0DlEJHWztMKlVKJGIJiIHreZQrZSqz4wfAcdzj8iOFXdesvuagloTOmBX0cM0laxYKJZ5njs7PYDg9XHepqQ5KoYvTH2f6K4ra1FcAKnaF0Wz1GNI0DJKJHvqTfUjpN9/13IUlr/xuKzbPIJAAber7gZaZdFyH8Vw1gKtN6gJ4CxYxmVyI6ym01uh4glJPPzoW97lLbdNUJrV3QpwN0zTpT/ZhSP8q47jOKq11y5N7nQusuXTNoRp9VasCZjD7Xp8L7LQ1+1oCr7cP+/iTcA84CISgUtPOPuRIrDdexRj7ByjFHiMKswZTUOdnIKWkL9lLNp+rrdc+AUiunY8AACtisXjBYt+zv+Q9khL2O+wgvnRgYBgOgI5EqJx6Jh/JBENvvkla+Qfl8iXL2bZrW0MipJQk4gkmi5PzMbnavs4gdOunGdNYsWxFnT9qIK9g+5bPWpKxe0+KtK73yFg0VkduXR0rimE0CbiawKdx9erVBszv9ocQYmqGboDcyNz3KJRSZIYaH4wm4o3lzyDa5vG8j4CF5sKFtc/mgtaaicJE4wpK4Tpu4/fAeCqN5zauk8vn5rQjYkTmrBMEX2eteHs0joyNNPZRIfls8+bm7XftbvjOdmxyhbkJCMUF2oXjOE2/0rbNza/57tm+s+G7zGimfm0MgBDCtxdpFfMmwLZtxieydff5M2OZhqNgPN08v5keCh4BFafCxKTfvSp2xfffZLOhW2GqBvMmwPVclFK+mBymgqHsRPAptltxGpKTy4zhNYgIg0h1XBdPeXgqnDsZoabEMuPBo8CQkp2fBi+H6V3B5ygVu8JEvsnkGhJCJcB13Yaj4NP3gy9Lbf3wo8DnI2MjodnVDKEnRTPjGbSqHwWZ3cHr/HiqvqO2bZMPOjjtAkInwHVdsvn6UWAX67NYxXwB5db78v/r60OX0uJBo8CQktQuf/Zqy7vv17Ut2+XmgVXI8BGg5tzUtwbXdRmfqD/f2PKev8NbP6qPDzKjmY7153M51ExOUdB0l+QjYPCxwZRGv9CsgWmaSCHrbnDXYnR8tG4UjA6nfEOglPNP8xW7ogvF5teAI9PH3rV5gNn4w4YnsV2tDYkd0eLmZvL+B4nNwBMh5S1YAAAAAElFTkSuQmCC'),
(27, 3, 'Special Force', 85, 'data:image/png;base64,iVBORw0KGgoAAAANSUhEUgAAAEAAAABACAYAAACqaXHeAAAABHNCSVQICAgIfAhkiAAAAAlwSFlzAAAB2AAAAdgB+lymcgAAABl0RVh0U29mdHdhcmUAd3d3Lmlua3NjYXBlLm9yZ5vuPBoAAAj1SURBVHic7ZtpjJ1VGcd/z3mXu87WKS0NpWKFILXQIsgS7PKh1JDAAAWCQoRSsAZN/IDwxYSkJhqUSIEQCYxYFkOIqVZKTEgIGEAKRJEWaCglRbsInZZh1nvnru95/DCdcdY7d+49l5aE/7c5y/885z9neZ7nPVdoIDaetzE4kjiyyoTm8tbWlouAxaBtIP40XYZAPwG6EP6JNdszfua1rVu3Ro2yURpBunbt2lQ8F/8x6F3AXM/z+lrntLbWSHcUlV+l8+mHH3r+oYJLO6EBAnSs6rgUq08CC0bKfN/TlrbWesfaL0Z/uOVPT75QJ884eC7JOlZ2bEL1d0Dz2HJjPIkn4vXSt6Jyw/KvLy/s+mDXjnrJRuBMgCtWXvELUe5milVljMGBAABGhDXnnrUstmvPOy+5IHQiQMeKjtsFfj1dvUMBjkFWLF+y/NCuPbt21s1UL0HHJR1nYvRtIDldG9/3aWlrqXeoich7Gn3zsb/8YU89JKZeK9ToI1SYfAMRj4x3T70kdQlw1YrLLxBYXa8RNUO58uZ1N19SD0VdAkTIHfX0dwEDt9bZvzZcd911nsDaegZ3A+nYtHrTdJ7ljKhZgOLh4vlAW639HaL9YNu/v1Vr55oFUPQbtfZ1DYtZWmvfmgUQo/Nq7esaYnTBzK2mRu0rQPVEWP4AqJV0rX1rXwFI3T6EK4jRmh26mk/PqVBsmUvf4qWoP4ZWLfHCEL3t9e8YiSLm/XcviUxv3VwjcCZAFMR737/hrrYo5tLnn4yPzlnFym2b+/xyqdb8wjg4EyDfPu+DKBa/WIDWeIgRt6kGq0pfvkg5iJFtPmlPS88nF7vgdSaAGr8E0BwGfKU5NWP7slUypRICpIIA38wsmFWlv1BC/eGxXMDpGQBgqphIVzbPkaE8qgqAILQnQk5pSiAVAlTXqwocRIOzRXeuQFc2h6rS3tdFe18XitKdK3B0qNqU3zHlHMDZCpAwTABEtrJtR4ZyAJz3/iuccfA9AD5cdA5vL1nJp0N55ienP0RHuK0fOrPb1QooxROJt1BlsFji4MAQA8US0YR/VNkqpUjxbMTXDu0eLT/90Ht4NqJslfIEASNVBo5xDhZLoEoiDN4FLbsw3IWSJdCfzOs+1PvVPa/f/p8ll9CTL9CTLyAipHyPplhAKvDJFIfPrnS2DzNGHKNKaqifgfQcunN50mFAtlRmsFAiW45GzwqAs/bvZOHgkVe7kd2CPljhG0NVqCMYkgMgTytc9Nzf//qIwR4+Y+dLXPDC45y69x+kBrpRVTKlMoczOfb1DtKVzQNw5oF3JvGNlHVl8+zrHeRwJkemVEZVac72csaBd1nz5p9Ztvd1rMiRJ7Y98TCYCxWeVpWDtc7D2bF627rbFkaUD40tyydbyJ2+lCMnLaKneR5hucDpB95j8cdTp/E+WriEfYvOpuSHzBk4yvzuQ5zcfYhUfnBsM/Uif+G9W+79xIXdTu+V9evWvyNwztiydFOaMAzdDSLsvq9z89mu6Fxfg9snFpSKznwWAMROHqMeOBXAevZRYGhsWaFQILLW1RD5srG/dUUGjgV4autTH4vw0MTyfC7nhF/g4Qc6HzjshOwYnHuCvgnvEfhwbFkhX6BUqnsrfJCWzN31kkyEcwE6t3b245kOoG9seSaTxda+FXrV8N1NnZ1DMzedHRoSC2zZumWvRS8Xle6RMrWWwf4BbDRrEfpAvrP50c2TnQcHaMgDiRGsv2r9aWJ4CVg8OqAIqXSaMAxm7G+t3QPScf/v79/XKBsbKgDAtauuXeHF5NVkKjVutDAMSaSSeGbyIozKET09vWQGM6u2/W3bq420z3k+YCJKWoqKOUs+XyCMhSSSCXzPp1gsUiwW8X2fIPDxg4B8Lk82kyU7mMWqRcQ4CXgqoeECjEBVKeQLFPLDMb8giCeggtUIJkTRggx4oefMgZgOn5sAAEYMGLDWoqpoNH7WxvMIAp8wDAnDsBmv8an3z00AEaF1TgtizPDkraJqj9UZxJOK6bBGofEC2KgdETzfQ44deCLHlv9Mt3DEnEab1/icoMgGGH4mM/uueqNzeybA6TO5sdjQsaHptFMW/dxavQ0ZDovNFFfeDFh63tnn+pdeuPatHTt3FBthZ82bbvXq1X46Sq8SkQ6UixT92dz2uR8ZT9eCrFHVy9QiA/39qXgiTiw++y9GvueXm1qaPhORFpDXBH3RRNGzez/cf6oV+0uEN1X1uYyXeeXll1+u6cqsSYArv33lGiv2j8L/92gsHutJN6XH7VnjmSgWi3tqLflCftJVV8mqeDxOMpksALGJ1UcPd/X09w+OjqXQY9Rcv/217S/Odi6z3gI3XX1Te7lY+o2qHZeVCfwgEcQCDfyAWDwuqVSSZDJpgsAnCAPCMEREiKLp3z17xhCLx0inU4RhDKY5pLPZXKKQz4/+LZCIJcIFl6257Pk3/vXGrAKmqlfALetuuVbRuwTOzw5mTX6MAQBNzU3MXzAfqeLrTblctgP9A+MOhObmZvyguoPyaNen9PeNCzZpaW1l3sknRSg7QB6877H7tlXDNeOIGzduDMqfFZ9R1WtGpiZTHGbGeFVNfrjtZALjObmQPISVoCt/+oM7nhmUzM2dnZ0VExEzjlruLj6gyjWCEE8kaGtrdZvkbBy+l9b05pkaVRRgw9UblincDsPXWDKZmPK/f6JC4Ed33npnxQdUFWdjsTcCEsZCgiri9xMQRo39fsUGMxAsAwiCL+TkR7CsUmVFAURIA7V4cCcSmipVOguGbBRRLIzxVgV8P6jqwURFXquUy6VxTpSt4EvMFs4EKJVKZDKZcWVhLCSdrvkJHwBD2SzF4vgwwEGKfRQNXds6w2OJqjjcPQaZEl/oze0CXwpwvA043vhSgONtwPFG5WtQ6Ko2iSEiExwmdeI+B0FAFJUZG7lXG3UCqLK/Un1FASSyj6kxV1NF3iCMxWhtc/J+eRziifikH10WCyVy1b05UDy2VGpQcQtsefap5xG5EWEnMPqVRtHJo6s6/3Q9HVQ1O6lsvE0Rwm4Vrt/86OaKP7H9H93nMOpHNSAGAAAAAElFTkSuQmCC'),
(28, 3, 'A Thief', 60, 'data:image/png;base64,iVBORw0KGgoAAAANSUhEUgAAAEAAAABACAYAAACqaXHeAAAABHNCSVQICAgIfAhkiAAAAAlwSFlzAAAB2AAAAdgB+lymcgAAABl0RVh0U29mdHdhcmUAd3d3Lmlua3NjYXBlLm9yZ5vuPBoAAAksSURBVHic7Zp/jFTVFcc/574f82Z3Zhd2lx9LwRYirT+Kgm2kStMaQ0yJFQRbqEFXpXabattUYtOmqQltahqNrKixrRQx9Wc0TRXTarBaadSgRrJYUAFBQAFlQWB35+e+eff2j1mWnZ3Z2R/zBiTxm0wyue++7z3n+86799xzn3AScOuPf3GR0epKAxcJnAmMBbz+fQykBLNfkAMIG3TAurYH29qrbZtUk3v5j5YvEvg9cM4oObYYw6/b1rQ9F6Zh/VEVAVoXXdOsItH7amPxq0KiXO+62aV/vP/+T0Pi60PoAly/4PoZWKx3bcuN19c3hkYsfKCNmX/3X+9+JzROQIVJ1rKw5cti8bJAMyINYXJjmKaQl5bfsHxKmLShCdB6RWuNhXoW6H3qUo3Xa4I4rFvR2loTFmFoAvhu9ncIXwmLb1AYZnWb+K/CogvlKd246MbJAbldgHu8zXEc4nXxMOhLIRmInr5q9aqPKyUKJQJyJvdz+jl/ElBra3VzGERhCCAiLA6BZ0QwwpVh8FQsQMvClunAF0OwZaQ495Zlt0yrlKRiAWwlMyvlGC1EyVmVclQsgNFMrJRjtBAlkyrlqFwAkVilHKOFGDOuUo6KBRAk1GxyJDAYq1IOOwxDBsOU8Q7TJ0eIRhRGhKOdOd7elSGVCUr2r/EszjszQkOdgxhDOqt5f1+Wjzr8qtlYNQEun9PIFd9qQgZkxPMu0vz56cN8/GmhUxMbbW5a2ESNV/hQjTG88EY3/36ruyp2ViV8x9bZBc6/sqmDvQeSANR4isvn1BXdc8WcMX3O7z2Q5JVNHUA+ybhsdh1j4hVHe0lURYDmRq/P+d37urnroXe597Ftfde/0OQU3TNu7AkH73l0G3c99C679yWA/LZqUmN1Es2qCNCVyvX9zwUGAN/XfW3HEsVzQDJtTtyT0733lr8nDFRlDth3MMO+g1kmT4gwbXKcqy47g7Om1vddf2tbuuieTdtSTBmf77P0u1PZvruLaVPym6n9h/yiOSMsVB4Bok2p5jXPHqAzGWBZQsv8aVw4I18m2Px+io1bkkX9X9uS4O2dKQBmn9dEy4JpWEroSmoee+EIxpQYxihd3DgyVBwBYsiUUuBAR4aVTxxi9rk1TB7nkPUNW3dleHdP8dMHMAYeXX+M9h1pzp0axXVgX4fP6++kSGcH8VP0kUrtr/wVMBwqVVXQ2pDKBLy8afjLlzGGrR9k2PpBZlj9BQ4Om3wQVCyAFtlRqqpidPnojLhCY11+Nfi0M0fWH3k0G6M+HPFNA1CxAPF0vD0R7U4D0f7tBoOfy+HYhUOMH2tz+cX1nP0lD9WrnDbw3u40/9zYzaGjw57sjn7Y+eHmSu2vOLt4c+ebwayzZ14MTC8iV4LjnFjzz5jgcPOi8TQ3OQUlUxEYP9bh62dHef+jLF3JoaNB4Lk1jzz4ZKX2h5IHiJi/lWrPZnug3wy5+NIGIm7ec+MHGD/X+8uv8Z6jWHzpMKvpuvSYI0UoecAZM6b+fe+WPZsxFBRHtNb0+D24rkt9TDGxMT9cZv8RgkThRGfFPbxJDTQ32dTXWnQmB098BN6LTan/Vxi2hxIBK1as0Gi5rdS1dCoNBnI5+tZy5dqIpRBLen8K5ebFMcbgD5H0abhtxYoVFecAEMIccBybt23eMeucmbOAgjKVMSb/FojN1OYIjfU2Vm0EpyGG0xDv/cWwaiIA7PiohzfeKU6UTvDxeNuatj+EZXeoewHx1bVgtg5sz6TT+L7PUy8f5XDn4I/30LEcT/2nbG6z03Xcn4Zgah9C3WO2b2/vueCcr60H832g4FTEz/oEWrFpe5ZczhCrUdR4FgY4eNTn1f+lePKlo6RK5pUA7LYluPSOB1ZWnPz0R1WOx5fNXzZJ2/ppgQsHjhaLxXHd4u1wWQjtgdKLVv1l1Z7wrMyjKlWG9u3t3TNnz3xUZWkwmAv61w17enowGGzHRobW3xjDfb7n/+DeP90b+rcBUN0vRABY/J3FVzuW/bgbKSxoKKWIRj1cL1IshIFEIoGfzV239um1D1fTvqoWRQGyqezejEmjLEUkEiHieViWQmtNMpkilUrjOA6246ADTTKRIJlI4vs+Impnte2rugDHoQNNOpXO5wWAKIXqzYe11kX7fUG6LNcKZa0vh5MmAIASBarXYa0ZuCAqy8JxbFzXxXXdOqzqnzmcNAFEhDEN9YhS+eRIG4zRvdd6s8LqT0lFqL4AOmhEBNu2EZV/oCL5FHjIPCwg3O+MSqDqIWaQawAse+QrrohZGrpBA8eoFvHSeUvrUpnEb4Oc/qWQD39ljVwEpdQdjXVNt9+59s6qHA2NWoBLLrnEjgWxb4vIfAzfMJjfNDU27VKWuQxkrjFmntGors7OqBf1JOJ5Q5MOgGXZ1NXFkqKUBfKqYF5UQfDM9h17pmjRtyO8box5NmEl/rthw4bc0IzFGJUAC765YK4W/aRw4h2NeJEjsXis4J21bMuPeJFA57SXyWYKiiNDWeV5HtGaaMmJsePjT450dnb3jWXgiDJqybpX1704Ul9GHJMtC1sacz3+XcboGf3bHduJup6LY9tEPI/a2hqi0ahl27btuA6u6yIiBMHgu0FLKSJehFisFtctkSH2IplMR7OZEwUVgWgk6jbPmzvv+Y2bNqZG4s+wI+CGRTd8z2B+JjAn2Z20MpnCik68Ls6E5glFp8GlEAQBQRCgtUHEoMRCWQprmHNExyeH6Dx2rKCtfswYxk8cF2B4DeSelWtW/mM4XENa29ra6viHex4BlhxvSyXTpFOFQvcaMCwHKkUZAfo3PdEtietWr15dtsw85DKYO9yzClgiCF40ytixY3Ddk/lJ4KhxdczE2obqVFaAZQuXnW/gJwCxeIyammhfMnM6QOCmW39461fL9SnrjUYvBcSNuDgjLWJ8NqCM0teW7TAEwflAweHGaYjzy10sK4AIMcgXL05jlP1ieyjPqvNhzmcI5SPgFGxPTzZO69gOA58LcKoNONX4XIBTbcCpRlkBzLA38KcvykeAsP8k2VE1GMOectfL5wGBXsPw6zifRRgs1pbrUFaAtc88/LyyrGsEtQXoO6UxxnQVjVSirVowxhQVSAeMHyBsNcKStgfaXirH9X9D1BhsCfPudAAAAABJRU5ErkJggg=='),
(29, 3, 'Wizzard', 80, 'data:image/png;base64,iVBORw0KGgoAAAANSUhEUgAAAEAAAABACAYAAACqaXHeAAAABHNCSVQICAgIfAhkiAAAAAlwSFlzAAAB2AAAAdgB+lymcgAAABl0RVh0U29mdHdhcmUAd3d3Lmlua3NjYXBlLm9yZ5vuPBoAAAo5SURBVHic7Vt7jFTVHf7OOffOa3dmWUGWl0tlBewiPgpEbHxBk1ajRtPWVmttQtLGGFMlsTZiK26VFsRa64NWTFpiCYhVIn9oaZoCVWitr12JwrK70sUC4u6yj5mduTN37j3n1z8GZmeGmZ07M/cu/cMvIeHs/c653/nuefzOYxjOEmLHVk3WLP2HAP8WgeYzIFKcSbCTKci0mf2L8Pt/Evny+ifd0KG5UUilMHrb7oWFdQAFAQIbh0uSoGw7m2aaGAKXb7ilZbx3uw6iW0Xy0wWbQHRneS5BmSZsMwUA4JxJaNrGhtZf3+OmpgltAUZv66OMla+8sm3YSQOkFACA63q7ZvKb6i5e/5nbmiasBcQPP7yQM94OVtp0Ugp20sg2ea5pI4pjRWPrkzu80jVhLUBw8TiBxn2fnUzm9HcmIwuenMwYlJe6uJeFn0byyOplBLq+HI+JXDkkEp0P/NhDWQAmwACiNk7En3DCFX5/Xloq9ZAnonLguQGpXnwfoEVOuIxxCN2XTSvbnjp64IFbPRMHjw2g3rYAMXqskjwiEMhLS6K1rooqgKcGpICVAJorycM4B9f0bJpsq8U4+NOlbms7Dc8MiHW1TQHwYDV5C8cCS6ln3NBUDJ4ZoPmxmkAN1eTlmgYmRDZN0lo8fPD+2a6Jy32XF4WmPm2bA6K7ailD84+NBURggtjvaxZWBJ4YoCTWA/CVJBAD9vtBWxjUVgZ6UwNkgTBNB+Nj8qRtf2O4d+Ukt7XWHApT4q3ptpD3MWKNAEB2aqpKD94yXtHUYYC6TKhoFGQYAAB+XgPEt2fm85QEnY4MGUEE0QdBQ5k0j+rku5vV3/FhLfprDoUll68xwuUAZXRpfghtRukMtoLV05Xh1tdnDVDHYvCJywC/KJ0XsknJA00gBRBgIbgXQLgW/W50gdZKyGRKQJ0yK6eJgwhqJFUmtwDD2BQJlq6r5N3FULMBDOwJnP78Tvh1Olg4MzyQZY090DXwpvHrQzQCorGdIYbIrsrUFtFTawEAQP/cdhtJdS+43oRIwwxwbkATfaX4aigRsj88Mkv2DQiSEuAc+pILP9fnTh8+gxyLTUEqFYZQOoKSUbh+gGmij6CeF+ffXPPMUPsguP2PcyBwAEAAPj8wbZz+nwMVT8I+8hnABbTmJvD6YHHi0EkgPjqWnjYD8PkBIAXBW9kl1/TWor/2/QDBlgIUKE/MB68PwndRSy1vDkDJKwDUZEDtg6CyOwDY41FMy8aBIycgVfm9DakU9n9yHKY1bpEAYEOydudCi6P2QfCbP+oEY3eCYT8YYsU4uzu68dyOt9DRc6xsee09R/H86/uwp6OnFCUBYD+I7mCLlx2qXnkGrmyJsZtXbAOwjdr3LAbwXuFzy86EeQ6+KtJWhpu2S3ATibvZ0us2Vy22ABOyJebTM8GNro0X5GTg92W+ieATIm1iNkWvvKgFQZ8Pl14wqyz3kjkzcduyRVg077wJUDZBBtQH/bjmkgsccXVNOOa6AVcNeOqV3XWL5jfT1Rdf4Ml5w8a3O/G5kW50s0xXDfjkxGC0+/gAG4kncdMVF4GxM304MRjDzvcOoOtoP2KJTOwfCQVwYXMTrlvSiumTC85ICVAA2na+j0MnTiIYCpSMMKuBqwZwzvuVUtj57kGcjMXxveWLEfCNLV72fXQYL/+jHbbMjwdiRgrvHvoUHT3H8J1rL8OVC8cCpJGEgYe370NfNA4AsKXd5aZmVw3oG+3rmx6ZaqYt6X/v0H/RfXQAX5k7C0G/D11H+3D4s5Pj5rekxJZd7+Ptg0cw/7ypMMw03vhXe3b65Ixh3oJ5H+MV9zS73ldX3XP/ruHRxPLxOHNnnYsl82fjnc4jIBAWzW3G/v8cR/fR/jyeVBIjsWg2HQkFh/6w7cXJbup1fRYYjidWAxjXgEtbZuGqhS24KqepK6IzDDBNMy8tbdbmmtBT8GS0vv+u+/Ykkua1pZ7rmsBVC1swb+ZUAEDXsX7s+/hwNmIEAKUUhkdHsjsNoYB/+MU/bz7Hba2exAGjseStwZC/07SsKcWeW7bE7o5u7O7oLpqfQBhNxLOV14RQlpSXe6HVk3jzhZdeOJlKpa/xCS1ZTf54Ig5bZgY+xhg0od22dfvWkqujWuBZwL1xy8aDErRM10T5FVAO4kYC6VNbZQwMuq7ds/nVzS6O+/nwdMWxYdOGdzQmbhKcO7rkYCSTMHNugwWDvke3vLrld54JBFB+eVYj/t3xzic/uHEZPxkrPSgCQMo0YaSMbHpOU8OeDX/atMJrfZ7eEUruWnc1gvQgJltf39dhiu1/GSzKM9Mm4kYim168IIK7vlsPEQ8OYEQ8Fr5xzbNeaXTdgPSex5faulyFiL0cYVmf++yvf7fwt71DeXzLtjAaj4NODfmt54exckVeNjASEHH/AB8Uv6i7Zc0GN/W6YkBi59olLIxVLCK/RmGrxI3PDF7bkcbejszut23biCZi2emueXoYq+9thMo9LygAJw1I6IN8NLA6fH1bzeND1QYkdq9dxHz4mZNK58KMjuDl14P4oHMQ0XgMRJnaT5kUwrqfN0PXGUAEaVtQaQvKLm0GgwCL61E96n8kdMOjT1dTj4oNiO9aeztvlE9jknVupblJEdKjUdiS8MhvRzEQzfT7SF0Aj6+ejVCgyKSkCEpakOl03pXZQgilKzoReLbhhjUrK9FUURWMvWu3Ykbq9monT5lOw05mRvrYKEfbc4MAKfzyoS9hUoODCYkIyrIgrTSUtIseyImRut7Itb+a41STYwOMN9c9heZkRe4Wwkok8pq0/6PZYGkNtLz47DAeSClIMwWZTp/xTB8Kv1+/fM0SJ+U4+pYju9a3YJp5X4Ua86CUzKu8sANgMT+QEsCJig+WwDiHFgxBD515oGpNji8e3NH2VSflODLAF5C/gU/VNGPIZP6yQOuemv0/66rL3BqpAlzXoQULzhWJoDemXnWU3wmJ6uwrK5c2hsIBTIs2gA3nfHVDgB2q/qhf+HzgBWcOKmxNc5LXkQHMpxxPc4VQtswOfAAg0iFoHzedSewNAcdKnBCXBYPwFXQj7qzFOhvPterGfWVbsIz42MvMOugfzCzJZx/VA73VmcC1/K0NYs7ubHiyIVL4aw8GDm3gHIjuMhs6xMA6w0BMB10YB/wV3JRnLPOPHF9WAeC2ASoTwUkzBVIKjAmIeB3EwXPB0hUsPI8HwD73g+YYwKwUEJTl86Cq+jszgPf7TCVQpG0SiCkQkyBmg7gFWALCjEAM1IP1hypTkwvJwHrqgJ46IGKBGi0gSIBfllzEM26AnW76zjxzZgDtj4wyFDNggn5zE9PBYnpZmuhPAfJUzR1uwkzMGfT/MWozgAgqFgOKhKNeg9LpzLsr7fQFqMkAsixQIgFlGOXJLoMMA5RI5N81rAJfdIGzLeBs4wsDHPI8/fHi2YSzxRDwEoqEFkzTAM7B9PJztOvw+TLvFkWiIsbAfD5Hlyj/B2XQEMGEoxu5AAAAAElFTkSuQmCC'),
(30, 2, 'default', 0, 'data:image/png;base64,iVBORw0KGgoAAAANSUhEUgAAACAAAAAgCAYAAABzenr0AAAABHNCSVQICAgIfAhkiAAAAAlwSFlzAAAA7AAAAOwBeShxvQAAABl0RVh0U29mdHdhcmUAd3d3Lmlua3NjYXBlLm9yZ5vuPBoAAAWHSURBVFiFzZZdbFzVEcd/c+7dXXs/HNv5Dk4cOwmI2BAchyhWqVSVl6oV0PD5AK0gXwIh6AtVX0iF1EhtQUK8gYAi8VCSClGlDw1SkRAvLVQhyMEkQExI4jgOTvDXft+7957pw3p3be8mFSZROy977jkz8//PnDOzA/9jkcUaqiK5ob47EZVE7+D7IoSL8WMWSyDz2dY3VeQ9xfxj+uiW44v1s6gM6JkfNWWz6RxgUMXLhERaE0uX9Hw4+Z0J6Mf9kXzMbol75qRsO5avHIwe6H5ckZtLnn2j+3dn6iLMHO8bUWVt4FmwlNoHjkcX6oz+cWOHBvoMlgtr959+oRrAvwaa86liT9z4n5pMzB62yNFpwlOq5Ss5d6D7DhV5GdGnnTA83Ii5LekToU9JREo4zn0NMxXwEvArgvD5sWfX7QVQxWRT3r8tcnQ67x4zgvwABVvSG6aO9XcANFnNEFprCwFAsZHzlv7Bd91E1LiJJtN2+yd/b0wgDAgs1gsIkQmAmaFblgC9qmADNpuSZ18r5a1vom6ufduxEYCVvz1zXExsv7tkpY2u3/TLRs4LI7sHnHiX48TXO4Vze3c00nHXbHpB4sutk0ztX3vg3F8BWm8dmrKBOxPkrW8cecO0bxv8tZtadacb1UR2+Gd/qhhHunecdDt6jaTWPdPIuTHmbnFTiJvCONzdSMdJdvwm0tFj3I07hip72VM/OWjcoNVtXf7jtu2Dew1AanPxIydxY8lpWvNobmTfz2fz90MAgQcvvbXrjrr0IvfU1ty78PybQ4/uAL0fQGzZV/H8np9ig4fAkApbj8JsHxD5IJBI6jRgjOhb+fO7t9vc5CMaeGUA0edVayXrnd93C+hNc/A2eSO7e6uEFBGVFwHRwMNmJ36RG9u3VZG/qPVEnKgnPW/7VQJlIx2eXTYL5rDE7HKbvYSGAcDA5YO7HqjoWmxdxFZMdW/80GMPAgPYAJu7jESC5SbUvwFJrAe4UxVdU1vIV3P8rU7evlLEAc2Ng1pU7B+GjzwVm03/zoUEBHYCDB95Kibo71GLzY4jRklsXyVABzYADcC4F+oIAHMJ4KSiJPpXohpic5cB6WoZH/tz4eyeLoEtCwko3FYc2bch9c3oQZAum7uM2oB43wrcllhZx85WtLiVbM8hULuCqkRWxIn3LEVLRWz6ImFh6r7CV5kvFupVJH9q+qQtzuy06YtoqUi8dxnRVYkahC2UQdUZrOy5tUN3GFP/hxZbvwQseOfTOC1JmjYk61puVbc7FbW5ImHGJ9axtGw7N0t++eqDUP9Z2au+bNXnTHH0Qh6IXQng+4j6E4T5s4AhabpidVUg8pwFzlx7ZLDeJcL8uTLOnBKEOVcAEPrfZsQG1w7c+mgwg9oqHiK1EqwjgD/j2GD62hFoICq1EpxHQBW5dKhzA3ReH+DQx6YvgshWVYwIFhaOZLr4Ee2/M5j9XTCDVTMggma/Nk86rnnluuAHGSfMpWPGtL1aiX4eAQAnIgrErweBcgYsONVcAFeZisN0M5MH+0kfKb8JLTlMvdPH9Nsbqzoz725m8s2e6nf2wy4mXr8VW4gAUDixmonX+/BHk1fk5V7pIPi2Gf8LCJeVW6kWIvgnHdB4NSLvRAI74YEth+J91oL/tWKnIpjmEv6XLZROK8GFBJEV35FArHuS9l0l3DXlQdm0FFm653OkZbamBZbtGkKVah7bHj5BOB2r2qTuGqa5P0m0M436DUCuRgAg2pmZr7w6N+/btM+fV008wMRrjcxELNHO9NUg5hfFeG7sHbd0tvuqFosU35LK2HVrcBJTN7a13VBHQFXNxaIGC0ldK7EKU165AHpbTUREApjXB8SO5fReHK7wXL4nAVgRdfQmYLQC/n8h/wEdK19XTuvWJQAAAABJRU5ErkJggg=='),
(31, 3, 'default', 0, 'data:image/png;base64,iVBORw0KGgoAAAANSUhEUgAAAEAAAABACAYAAACqaXHeAAAABHNCSVQICAgIfAhkiAAAAAlwSFlzAAAB2AAAAdgB+lymcgAAABl0RVh0U29mdHdhcmUAd3d3Lmlua3NjYXBlLm9yZ5vuPBoAAArsSURBVHic1Vt7jFxVGf9959x7Z3Z2Z2cf3dfsttZ1Y4RCBUIFLFKBUggpiNKgMQY1AhGCCUQkGjE2EigQFYyPiGIkSAiCmoi8fCChFqgCLUUsUmBLynbb7tLdec+9M+eezz92O93Z7jzuY5r4+2vP3u/73e/73XPOfOfcewjHEalUqjsixGVMfBmX1ZpSye53S7YEoEkYs0KK55jM7/YMDr5+vGKi43GTQuHwclLG7SBcAcBaeI3BUHYRpWIRzBoAQRjyoEHWlxPJ5NOtjq2lAjCzaecytwC4CUCsgS2cQg7KsecjI5iWtV3E5CWdncn3WxVjywRIp9M9lqDfAXyuFz/lOHDyWTAYACCkURBW7Ozu/v6drYizJQI42ewJGvpxAKN+/N1yGXY2XRGBpFCWEdnUOTj8xzDjBFogQD6fTwqtXgSwIgiPq0qwM5mjIgihY7HY2ljv4PYw4jyCUAXg6em4E7W2MnBKGHyq5MDOZSptIY2iZaiV8cGxqTD4AUCERQQAxaj1YFjJA4BhRWBGopW2dlVb2bVeCYsfCFGAQjZ1BQGXhsV3BFasA0LISttVpZHZgxO3hsUfyhDgw4c7bUvuBmg4DL7FUKUS7Fy60hZSKLMzOhTGz2MoPaBoGbe2KnkAMCwL0jArbe1qw827j4TBHbgH5HK5QclqHKC2MAKqBbdcRjGbqrQFCU0dXT09PT3pOm4NEbgHSHavb3XyACBNs2ou0KyFcIq3B+UNJAAzSwBXBg2iWRjRaFXb1aUvBOUMJICdS68DsDxoEM3CtCJVba3cztTBifODcAbrAaBPBfH3ChISQhrVMTBfF4QzkAAErA/i7wfSqBZAs/54ED7fAqRSqW4AH6lp4NrAfB1fC6wVmFX9GzED5VylKQ2r+rLr9jeKtR58CxAlWlbLX8/uQumd+6EmHquZIDuHUd77IMrjvwHbS9czrBVKex9C7oVrUd73xFzAUi6y0SKTmVzmNw//AiQSbxHzDxb/3039G2r6BQAMXZiEu/9JQFeLwM5hlCceA9wi4Noo7/8TtDNTTaQV3MmnAJWB7BiBM/4QShN/hmMXqswMK/JSkIow0BwQiSe+wcBPj7R19s2yO7WtykYX9kMdeKoiApdTKO9/Yn6IzMO153pLaV4EdqEO/AW6MAEAkPHlEFYnSm8/CBQmK26Gae3pGhw5M0gOgStBZiYnl/maSv3nM+7UP9bVGvfUloTsWAE1+xqgCkvawIjB6F4Nnd8HvSBRAGBVhJreCWZAfvhalxInPdY1MLKJiHSQ+ENZDOW23zagTLmXgNaWw+m9cPP7AQAiNnhj7/n33ROUM5TFkGsaX2118gAg4iMAzU2CrJ3rQ+EMSsDPbjYAviaMYBqBhAnZPjjXKGVGJ5+9xvfsfwSBBcgkohcASNaz2bYrjR89PImi3Xi4Fm2Nex6exLZXM0teF+2DAAGsXYpo9xZfQS+A0cggvWPL98B0Axj7iPj78dOcB4g2L8iEP9toKtmzz8Z7hxzMZBWGo1Zd25lMGROHHHS2S5x9Sucx10m2QZgJ6FIarIqfA3BDJRLeLLI7Ilcy002AXq5S/329d/0Da+vdr27kszvvOkVovXg/fjczb+46/VuPMm8WmR3RKQC99Xgmpx2MT9pYuzoBajDtMgPbdmUwNhzFUN/SYun8JFR6HICAZX6oN3HR3TOpl7dsEER3MfBRAGBVQHlqB8yO4au6zr33V7XuV7cHCKWSEMeMkhOJ6JH0K3f8LbNTP4AGyQNAsi+CZF/1Sg4MuOksAEAm4pVHQQR8YoknvxAU6Z7/S4PjuDn9ypZVAG1c+AOs7VkAgMtcd3jWHwKEw3WurgcLX0tRN5NH8aXdcDN5AIDsbEfbmhMhO9ub8icjCjJjkO1JUNvAzeDFPZmhiwfn/iJ+rx5X3UlQy7Y3ATj1Ymkq4qrYGPmtOyvJA3OC5LfunOv/TYEgE2MQsUEcmzzg5vaDy0UAAiTMZ+ox1RWg+9QbU2CE+4aWCObIsQs4c6QfDSeIhTQ1tNfODHR235xNpONA77qf+e8BACAEfohG61qPiK4eg0x0VNqysx3Rk8e8kSwWiwGdPwA188bca3YCpNW+pRFNQwHip31zKxg/8RZdfZAQiK1ZBTJNkGki9rGTQNJnSaIVdPEQyu+/CpV+pzKMKNKzs/uTv/xxI/eGdQAAdI6P3pgeHY8R4Sv+ojwWIt6G+IVnAADIbCqMKmitoA/+C6zLWNxBZbT77e5y4qxmeJoedMxM2R13fYnBdwLo8xRtC6DtFNRM9Zc0JExNkd5f95w/ck11sVYbnmfxyZc3x2Ki7WICfxqMz3v1DwusClCpt0EAWMoJkpHfOhB3JM/9hafNEd/L4dz22wZcUx5cklSY812z0d3nt7fYbWy6iFOXslDv7wIAiPjwht5P3vvXJsI+Br4XQx1nfvsQgOoVC0kYwxfBHLsKsv+cuv4UHYA1eiWs0S+C2obq2hp9a2GOXQUjeTEg5ucLdWSjlCDYeclnGt4FYGaTmU0AIMKOygUSMJIbINo/CACQXatqikDRPhgjGwEZBWQExvDFoOjAkrZG31qI7tVzwXZ8AMbQhQBJaHvulSDJSKn73PtTSzo3Ac8C2Lns03Yus7tQOLycgbkqiwSMoQsg2ldW2cquVTD6qhdjItIDc3gjSBxd6JCwYIxsBEWr51bZd2Yl+Yp/+woYQ+uhS/MCmG17Zqf2nzoz8W5q9sB7v/eaj48hwCcDGCPX+DstO/05CIONwfMgOpb+Hkp0r4ax7CwABIr0whi5dO7JLwIJC+bwJfMiEOSyMyC7T12as2MU0ROuA0kLYtnaZ7TjbHddldCuXuc1G8+TYDGbLgE48rK+zKyIyGj4Q866BCKziXKXwbpc1UNqoVzMwrGdSvEjDSPTM7wy0dBxATz1AJ6a6sDR5AHAbCZ5YO4JN1frU1PJAwCEWbWA0vNzkxd4EiAfizW3Xj1eWKQnMeTShrXhSQClVMnrDVqKRUs0Jnh+R+BJgEQikQe836RlWLR/QATPD8iTAERUAmiyseXxgXar3zkS0UwN05rw8zP4hnef1kC71Z2RIN7yyuGnFH7eh0/4YIZWi9YbQjzplcZHKUy+Fh1hw1Wq8iE1ABAJ7hLWfV55PAvQFo+/CGDcq1/YUCW7qi0NY5z6+3M1zGvCswBExGD2rHSYYGaoUvVmtTDMu/1w+doP4JmZRNGU7xLQ5cc/KEp2AaXC0W11YRip3uGV3XVcasLXfgD19KQFYbMf36BgrVEuVn9gYZrm1/3y+d4RYmbDzmZeAGGNXw4/sHOZqu4vTWtXT3KF7zMKvneEiEjBdDcBdV+fhYqyY1clL6RRkO10XhDOQN8HtLX17APE5QAXg/A0A7dchlM4OskLKZQRleclEss9V38LEfgDibZ4/DkSdDkI+cbW/nDkFFnlpQcJV0hrQ2LZ8n8G5Q7t0FQ+n14jNP0B4JGwOAGg7BRRKuTBfOQcoZkjM7q2Z2DgtTD4Qz01lslkei3Czxm8KTAZa9iF/NGTpCAYpvl8lxG9yE/BUwstOThp51IXgOlOBpbe1KsHZpQdG6ViYf4sMSANY9qQ5tX/FwcnF8LOpTaAxdUM3gjg2J3QBdDahXIclB0brF2AiKVh7DEN6zvx/qFHWxXjcTk9ztPTcceyzoHkc1jTSSRo1HXVkKtUp1ZlrV2l2dUuSMwKKd4QRI93anEvJZM1PikND/8DfjMjmA9GQGIAAAAASUVORK5CYII=');

-- --------------------------------------------------------

--
-- Table structure for table `task_category_tbl`
--

CREATE TABLE `task_category_tbl` (
  `category_id` int(5) NOT NULL,
  `category` varchar(25) NOT NULL,
  `category_property` varchar(50) NOT NULL
) ENGINE=InnoDB DEFAULT CHARSET=utf8mb4;

--
-- Dumping data for table `task_category_tbl`
--

INSERT INTO `task_category_tbl` (`category_id`, `category`, `category_property`) VALUES
(1, 'School', 'school'),
(2, 'Work', 'briefcase'),
(3, 'Fitness', 'barbell'),
(4, 'Others', 'pizza');

-- --------------------------------------------------------

--
-- Table structure for table `task_tbl`
--

CREATE TABLE `task_tbl` (
  `task_id` int(10) NOT NULL,
  `user_id` int(10) NOT NULL,
  `category_id` int(5) NOT NULL,
  `task_title` varchar(50) NOT NULL,
  `task_description` varchar(50) NOT NULL,
  `task_isCollab` int(1) NOT NULL DEFAULT 0,
  `task_isDone` int(11) NOT NULL DEFAULT 0
) ENGINE=InnoDB DEFAULT CHARSET=utf8mb4;

--
-- Dumping data for table `task_tbl`
--

INSERT INTO `task_tbl` (`task_id`, `user_id`, `category_id`, `task_title`, `task_description`, `task_isCollab`, `task_isDone`) VALUES
(1, 1, 1, 'TAMA DB', 'API connection', 0, 1),
(3, 3, 2, 'Office papers', 'Finish Signing', 0, 1),
(4, 1, 1, 'Document Issuance ERD and Database', 'Done', 1, 1),
(5, 2, 2, 'Test collab task', 'test desc', 1, 1),
(6, 2, 3, 'test', 'test', 1, 1),
(7, 1, 1, 'Test create task', 'description', 0, 1),
(8, 1, 3, 'Workout', 'Full body', 0, 1),
(9, 1, 2, 'Finish project on deadlines', 'Advertisements', 0, 1),
(11, 1, 4, 'Play', 'Mobile Legends', 0, 1),
(12, 1, 4, 'test', 'tetst', 0, 1),
(19, 1, 3, 'Testt', 'testt', 0, 1),
(20, 1, 2, 'Woorkk', 'Work', 0, 1),
(33, 1, 2, 'asfsdf', 'fsdffdgdfs', 1, 0),
(34, 1, 2, 'ASdfsd', 'fsadfsdfasdfsdaf', 1, 0),
(35, 1, 2, 'New room new task test', '123', 1, 0),
(37, 1, 3, 'taskkkk', 'fsdf', 0, 1),
(38, 1, 4, 'Others', 'ohter', 0, 1),
(39, 1, 1, 'FICCXX', 'FIXXX', 1, 0),
(40, 1, 2, 'trial fix task', 'testt', 1, 0),
(41, 1, 2, 'lasttt', '2131', 1, 0),
(42, 1, 2, 'fasdf', 'fsadfsaf', 1, 0),
(43, 1, 2, 'fasdf', 'sdfsaf', 1, 0),
(44, 1, 1, 'lastt', 'last', 1, 0),
(45, 3, 3, 'workout', 'chest', 0, 0),
(46, 3, 1, 'Proposal', 'TAMA admin app', 1, 1),
(47, 3, 1, 'Testtest', 'test', 1, 0),
(48, 1, 1, 'Lesgo', 'test', 1, 0),
(49, 1, 1, 'tets', 'test', 0, 1),
(50, 1, 3, 'test', 'test', 0, 1),
(51, 1, 3, 'test', 'testsetst', 0, 1),
(52, 1, 4, 'test', 'test', 0, 1),
(53, 1, 4, 'test', 'testset', 0, 1),
(55, 3, 1, 'lesgo', 'lesgo', 1, 0),
(56, 3, 1, 'Test task for new collab', 'test desc', 1, 0),
(57, 2, 2, 'Work', 'Papers', 0, 1),
(58, 2, 4, 'Other tasks', 'test', 0, 1),
(59, 2, 3, 'Workout', 'Leg day', 0, 1),
(60, 1, 3, 'test ', 'test', 0, 1),
(61, 1, 3, 'testtest', 'test', 0, 1),
(62, 1, 1, 'adsadsa', 'dasd', 0, 1),
(63, 1, 1, 'Atest', 'estse', 0, 1),
(64, 1, 2, '12312', '3123123', 0, 1),
(65, 1, 2, 'fasdff', 'asf', 0, 1),
(66, 1, 4, 'test', 'test', 0, 1),
(67, 1, 4, '13123', 'trtes', 0, 1),
(68, 1, 3, 'test', 'tsets', 0, 1),
(69, 1, 1, 'test', 'tsets', 0, 1),
(70, 1, 1, 'tset', 'test', 0, 1),
(71, 1, 1, 'tst', 'tset', 0, 1),
(72, 1, 1, 'Ydydfgyrdy', 'dydyry', 0, 1),
(73, 1, 1, 'atdst', 'tets', 0, 1),
(74, 1, 1, 'test', 'tsets', 0, 1),
(76, 1, 1, 'test', 'tests', 0, 1),
(77, 1, 2, 'test', 'setest', 0, 1),
(78, 1, 1, 'testt', 'ests', 0, 1),
(79, 1, 1, 'Test', 'Test', 0, 1),
(80, 1, 1, 'Test', 'test', 0, 1),
(81, 1, 2, 'Lesgo', 'testa', 0, 1),
(83, 1, 1, 'fsadf', 'fsdaf', 1, 0),
(84, 1, 1, 'Ayn', 'adasd', 1, 1),
(85, 1, 1, 'fsdfsa', 'asdfasf', 1, 0),
(86, 1, 1, 'fsdff', 'sfs', 1, 0),
(88, 1, 1, 'afsdf', 'sdfs', 1, 0),
(90, 2, 1, 'qwer', 'qwer', 1, 0),
(91, 2, 1, 'Ayn', '1234', 1, 0),
(93, 2, 1, 'Ayn', 'test', 1, 0),
(96, 2, 1, 'Teststs', 'etests', 1, 0),
(100, 2, 1, 'Ayn', 'test', 1, 0),
(102, 2, 1, 'Tests', 'tset', 1, 0),
(110, 3, 1, 'ADasdasd', 'SDada', 1, 0),
(111, 3, 1, 'FFUUUU', 'FUU', 1, 0),
(113, 1, 1, 'Atb', 'atb', 1, 0),
(116, 1, 1, 'adsas', 'df', 1, 0),
(118, 1, 1, 'test', 'tests', 1, 0),
(121, 1, 1, 'TESTSET', 'TESTSET', 1, 0),
(122, 1, 1, 'Test', 'Test', 1, 0),
(123, 1, 1, 'Atynn', 'gjdfkjgd', 1, 0),
(124, 1, 1, 'asdfsd', 'sfsdf', 1, 0),
(125, 1, 1, 'Ayn', 'Asdfasdf', 1, 0),
(126, 1, 1, 'fsdfs', 'ffsdf', 1, 0),
(127, 1, 1, 'asfsd', 'fsfs', 1, 0),
(128, 1, 1, 'asfsd', 'fsfs', 1, 0),
(129, 1, 1, 'Adasd', 'dsadasd', 1, 0),
(130, 1, 1, 'ASdad', 'dasdsa', 1, 0),
(131, 1, 1, 'ASdad', 'dasdsa', 1, 0),
(132, 1, 1, 'Ayn', '12345', 1, 0),
(136, 1, 1, 'dsdafasf', 'sdfsdfs', 0, 1),
(140, 1, 1, 'TestAyn', 'Test', 1, 1),
(141, 1, 1, 'Testtt', 'Testtt', 1, 1),
(142, 1, 1, 'gfdgdgdf', 'gdfgdf', 1, 1),
(143, 1, 2, 'hfgh', 'hgfhfg', 0, 1),
(145, 1, 1, 'dasdas', 'fsdfas', 1, 0),
(150, 1, 1, 'fsdfsaf', 'fsfs', 1, 1),
(152, 1, 2, 'fsadfs', 'dfsdf', 1, 0),
(154, 1, 1, 'dsgdf', 'gdfg', 1, 0),
(157, 1, 1, 'dfsf', 'sdfsa', 1, 0),
(159, 1, 1, 'fsdfsafsdf', 'sdfsdf', 1, 0),
(161, 1, 1, 'sfsfs', 'sfsfs', 1, 0),
(164, 1, 1, 'fsadf', 'dsfsdf', 1, 0),
(165, 1, 1, 'fsadf', 'dsfsdf', 1, 0),
(168, 1, 1, 'fdsafsf', 'sfsf', 1, 0),
(169, 1, 1, 'fdsafsf', 'sfsf', 1, 0),
(171, 1, 1, 'fsdfsf', 'fsfsf', 1, 0),
(174, 1, 1, 'sdfsfs', 'fsfas', 1, 0),
(176, 1, 1, 'sfsff', 'sfsfsf', 1, 0),
(178, 1, 1, 'sfs', 'dfsdf', 1, 0),
(180, 1, 1, 'fsfsa', 'sdfsdfs', 1, 0),
(181, 1, 1, 'fsdfasf', 'sdfsdf', 1, 0),
(182, 1, 1, 'fsdfasf', 'asdfsdf', 1, 0),
(183, 1, 1, 'safsadf', 'fsdfasf', 1, 0),
(184, 1, 1, 'jhjhgjgj', 'fgjhgkhgh', 1, 0),
(185, 1, 1, 'Add astt', 'tasts', 1, 0),
(192, 1, 1, 'asfdsf', 'sfdsf', 1, 0),
(198, 1, 4, 'fsadfas', 'sdfsafsa', 0, 1),
(200, 1, 3, 'Workout', 'Pull day', 0, 1),
(203, 1, 1, 'Ayrttr', 'yrtyr', 1, 1),
(205, 1, 1, 'UPPDATE', 'Update', 1, 0),
(206, 1, 1, 'fsadfsa', 'fsdfds', 1, 1),
(207, 1, 1, 'asdas', 'Adsa', 1, 0),
(208, 1, 1, 'test', 'tsets', 1, 0),
(209, 1, 1, 'Tasd', 'tasd', 1, 0),
(210, 1, 1, 'sdgdfg', 'dfgfd', 1, 0),
(211, 1, 1, 'Adsad', '13123', 1, 0),
(212, 1, 1, 'Rreree', 'rerer', 1, 0),
(213, 3, 1, 'rerer', 'erererr', 1, 1),
(215, 3, 1, 'Test', 'stest', 0, 0),
(217, 1, 1, 'try update', 'update', 1, 0),
(218, 1, 1, 'fsdfs', 'fsf', 1, 1),
(219, 1, 3, 'Workout', 'Shoulder day', 0, 1),
(220, 1, 1, 'IT Elective 3 Project', 'Admin Application of TAMA(MAY 30)', 0, 1),
(221, 1, 3, 'Workout for 1 hour', 'Push day', 0, 1),
(222, 1, 4, 'Relax', 'Do nothing', 0, 1),
(223, 1, 1, 'SIA (Document Issuance System)', 'Revisions', 0, 1),
(224, 1, 1, 'New Task for new collab', 'Hoora', 1, 0),
(225, 1, 1, 'Task 2', 'Do more', 1, 1),
(226, 1, 1, 'adf', 'safs', 1, 0),
(227, 2, 2, 'fsdf', 'fsfs', 1, 1),
(228, 1, 1, 'sdf', 'dsfa', 1, 1),
(229, 1, 1, 'Something new', 'new', 1, 0),
(230, 34, 1, 'NewTask', 'new user', 0, 1),
(231, 34, 1, 'new task', 'new user', 1, 0),
(232, 34, 2, 'new task 2', 'new user', 1, 1),
(233, 1, 4, 'New others', 'new', 0, 1),
(234, 1, 1, 'new task', 'new user', 0, 1),
(235, 1, 2, 'New', 'new', 0, 1),
(236, 44, 1, 'Final Quiz IT Elective 4', 'Laboratory PPT 5-9', 0, 1),
(237, 44, 4, 'House Chores', 'Wash dishes', 0, 1),
(238, 44, 1, 'First Task', 'Project Wireframe', 1, 0),
(239, 44, 1, 'Second Task', 'Code Frontend', 1, 1),
(240, 44, 1, 'Third Task', 'Progress Report', 1, 0),
(241, 44, 1, 'Fourth Task', 'Connect Api', 1, 1),
(242, 44, 1, 'New Task bro', 'Wow new Tasks', 0, 1),
(243, 44, 1, 'New Tasks wow', 'wowowow', 0, 1),
(244, 44, 2, 'Test', 'Test', 0, 1),
(245, 44, 1, 'LOL', 'LOOOL', 0, 1),
(246, 44, 1, 'LOLLW', 'Lol', 0, 1),
(247, 44, 1, 'QWEQWE', 'qwe', 0, 1),
(248, 44, 4, 'New', 'qwe', 0, 1),
(249, 44, 1, 'ASDsad', 'ASDa', 0, 1),
(250, 45, 1, 'QWE', 'qwe', 0, 1),
(251, 45, 1, 'qwe', 'qwe', 0, 1),
(253, 45, 1, 'qwe', 'qwe', 0, 1),
(254, 45, 1, 'Hello', 'hello', 0, 0),
(255, 1, 1, 'New', 'new', 1, 1),
(256, 1, 1, 'new2', 'new2', 1, 1),
(257, 2, 1, 'myTask', 'yea its mine', 1, 1),
(258, 2, 1, 'qweqwe', 'qweqwe', 1, 1),
(259, 2, 1, 'New Task', 'new', 0, 1),
(261, 2, 1, 'Qewe', 'qwe', 0, 1),
(262, 2, 1, 'Ayn', 'qwewq', 0, 1),
(263, 1, 1, 'qweqw', 'qweqwe', 1, 1),
(264, 1, 1, 'ASD', 'das', 0, 1),
(265, 1, 1, 'ASD', 'dsa', 0, 1),
(266, 1, 1, 'Tas', 'tas', 0, 1),
(267, 2, 1, 'Tashh', 'Tas', 0, 1),
(268, 2, 3, 'FSd', 'fsadf', 0, 1),
(269, 2, 4, 'Newew', 'ewwe', 0, 1),
(270, 2, 2, 'ASD', 'sdasd', 0, 1),
(271, 2, 3, 'asdf', 'fasfsd', 0, 1),
(272, 2, 1, 'ASD', 'das', 0, 1),
(273, 2, 1, 'fasdf', 'fasfsaf', 0, 1),
(274, 2, 1, 'tasss', 'sata', 1, 1),
(275, 2, 1, 'Newwe', 'ewwe', 1, 1),
(276, 2, 1, 'Tass', 'ssf', 1, 0),
(277, 1, 1, 'fdsdaf', 'adfsadf', 0, 1),
(278, 1, 1, 'fdsafsaf', 'fasdfsa', 0, 0);

-- --------------------------------------------------------

--
-- Table structure for table `user_inventory_tbl`
--

CREATE TABLE `user_inventory_tbl` (
  `owned_item_id` int(10) NOT NULL,
  `user_id` int(10) NOT NULL,
  `item_id` int(5) NOT NULL,
  `date_owned` timestamp NOT NULL DEFAULT current_timestamp(),
  `isEquiped` int(1) NOT NULL DEFAULT 0
) ENGINE=InnoDB DEFAULT CHARSET=utf8mb4;

--
-- Dumping data for table `user_inventory_tbl`
--

INSERT INTO `user_inventory_tbl` (`owned_item_id`, `user_id`, `item_id`, `date_owned`, `isEquiped`) VALUES
(1, 2, 1, '2021-04-22 03:01:18', 1),
(2, 1, 2, '2021-04-22 03:02:31', 1),
(3, 3, 1, '2021-04-22 03:02:31', 1),
(4, 1, 12, '2021-05-03 06:41:49', 1),
(5, 1, 24, '2021-05-03 06:53:50', 1),
(6, 2, 9, '2021-05-03 11:48:10', 1),
(7, 2, 27, '2021-05-03 11:48:10', 0),
(8, 3, 10, '2021-05-03 13:16:37', 1),
(9, 3, 23, '2021-05-03 13:16:37', 1),
(10, 1, 4, '2021-05-03 13:41:24', 0),
(11, 1, 6, '2021-05-03 14:06:49', 0),
(12, 1, 17, '2021-05-03 15:16:16', 0),
(13, 1, 21, '2021-05-03 15:17:46', 0),
(14, 1, 13, '2021-05-03 15:19:28', 0),
(15, 1, 11, '2021-05-04 02:22:43', 0),
(16, 1, 7, '2021-05-04 02:24:16', 0),
(104, 33, 1, '2021-05-04 15:49:41', 1),
(105, 33, 30, '2021-05-04 15:49:41', 1),
(106, 33, 31, '2021-05-04 15:49:41', 1),
(107, 34, 30, '2021-05-04 23:02:53', 1),
(108, 34, 1, '2021-05-04 23:02:53', 1),
(109, 34, 31, '2021-05-04 23:02:53', 1),
(131, 42, 30, '2021-05-15 01:37:19', 1),
(132, 42, 31, '2021-05-15 01:37:19', 1),
(133, 42, 1, '2021-05-15 01:37:19', 1),
(134, 43, 1, '2021-05-15 01:43:45', 1),
(135, 43, 30, '2021-05-15 01:43:45', 1),
(136, 43, 31, '2021-05-15 01:43:45', 1),
(137, 44, 1, '2021-05-15 13:36:12', 1),
(138, 44, 30, '2021-05-15 13:36:12', 0),
(139, 44, 31, '2021-05-15 13:36:12', 1),
(140, 44, 4, '2021-05-15 14:24:27', 1),
(141, 44, 9, '2021-05-15 14:43:09', 0),
(142, 45, 1, '2021-05-18 04:27:36', 0),
(143, 45, 30, '2021-05-18 04:27:36', 1),
(144, 45, 31, '2021-05-18 04:27:36', 0),
(145, 45, 18, '2021-05-18 06:26:01', 1),
(146, 45, 2, '2021-05-18 06:51:35', 1),
(147, 1, 20, '2021-05-18 22:50:42', 0),
(148, 1, 23, '2021-05-18 22:52:39', 0),
(149, 2, 15, '2021-05-18 23:48:30', 1),
(150, 2, 16, '2021-05-18 23:48:42', 0),
(151, 2, 7, '2021-05-18 23:49:07', 0);

-- --------------------------------------------------------

--
-- Table structure for table `user_tbl`
--

CREATE TABLE `user_tbl` (
  `user_id` int(10) NOT NULL,
  `user_name` varchar(25) NOT NULL,
  `user_pword` varchar(200) NOT NULL,
  `user_email` varchar(50) NOT NULL,
  `user_gold` int(10) NOT NULL DEFAULT 0,
  `user_level` int(10) NOT NULL DEFAULT 1,
  `user_xp` int(10) NOT NULL DEFAULT 0,
  `user_idAdmin` int(1) NOT NULL DEFAULT 0,
  `date_created` timestamp NOT NULL DEFAULT current_timestamp()
) ENGINE=InnoDB DEFAULT CHARSET=utf8mb4;

--
-- Dumping data for table `user_tbl`
--

INSERT INTO `user_tbl` (`user_id`, `user_name`, `user_pword`, `user_email`, `user_gold`, `user_level`, `user_xp`, `user_idAdmin`, `date_created`) VALUES
(1, 'Ayn', 'MTIzNDU2Nzg=', 'usonayn@gmail.com', 48, 7, 10, 0, '2021-04-18 12:44:28'),
(2, 'Ranny', 'MTIzNDU2Nzg=', 'ranny@gmail.com', 2, 1, 90, 0, '2021-04-18 12:44:28'),
(3, 'Johncel', 'MTIzNDU2Nzg=', 'johncel@gmail.com', 2, 1, 10, 0, '2021-04-18 12:44:50'),
(33, 'Yuem', 'cXdlcnQxMjM0', 'yuem@gmail.com', 50, 1, 0, 0, '2021-05-04 15:49:41'),
(34, 'Ryu', 'YXNkYXNkYXNk', 'ryu@gmail.com', 70, 1, 20, 0, '2021-05-04 23:02:53'),
(42, 'Xeya', 'cXdlcnF3ZXI=', 'xeya@gmail.com', 50, 1, 0, 0, '2021-05-15 01:37:19'),
(43, 'Gran', 'cXdlcnF3ZXI=', 'gran@gmail.com', 50, 1, 0, 0, '2021-05-15 01:43:44'),
(44, 'Melody', 'cXdlcnF3ZXI=', 'melody@gmail.com', 2, 1, 10, 0, '2021-05-15 13:36:12'),
(45, 'Fabs', 'cXdlcnF3ZXI=', 'fab@gmail.com', 25, 1, 10, 0, '2021-05-18 04:27:36');

--
-- Indexes for dumped tables
--

--
-- Indexes for table `collab_category_tbl`
--
ALTER TABLE `collab_category_tbl`
  ADD PRIMARY KEY (`collab_category_id`);

--
-- Indexes for table `collab_member_tbl`
--
ALTER TABLE `collab_member_tbl`
  ADD PRIMARY KEY (`member_rec_id`),
  ADD KEY `collab_room_id` (`collab_room_id`),
  ADD KEY `user_id` (`user_id`);

--
-- Indexes for table `collab_room_tbl`
--
ALTER TABLE `collab_room_tbl`
  ADD PRIMARY KEY (`collab_room_id`),
  ADD KEY `user_id` (`user_id`),
  ADD KEY `collab_category_id` (`collab_category_id`);

--
-- Indexes for table `collab_tasks_tbl`
--
ALTER TABLE `collab_tasks_tbl`
  ADD PRIMARY KEY (`collab_id`),
  ADD KEY `collab_room_id` (`collab_room_id`),
  ADD KEY `task_id` (`task_id`);

--
-- Indexes for table `item_category_tbl`
--
ALTER TABLE `item_category_tbl`
  ADD PRIMARY KEY (`item_category_id`);

--
-- Indexes for table `shop_tbl`
--
ALTER TABLE `shop_tbl`
  ADD PRIMARY KEY (`item_id`),
  ADD KEY `item_category_id` (`item_category_id`);

--
-- Indexes for table `task_category_tbl`
--
ALTER TABLE `task_category_tbl`
  ADD PRIMARY KEY (`category_id`);

--
-- Indexes for table `task_tbl`
--
ALTER TABLE `task_tbl`
  ADD PRIMARY KEY (`task_id`),
  ADD KEY `task_category` (`category_id`),
  ADD KEY `user_id` (`user_id`);

--
-- Indexes for table `user_inventory_tbl`
--
ALTER TABLE `user_inventory_tbl`
  ADD PRIMARY KEY (`owned_item_id`),
  ADD KEY `user_id` (`user_id`),
  ADD KEY `item_id` (`item_id`);

--
-- Indexes for table `user_tbl`
--
ALTER TABLE `user_tbl`
  ADD PRIMARY KEY (`user_id`);

--
-- AUTO_INCREMENT for dumped tables
--

--
-- AUTO_INCREMENT for table `collab_category_tbl`
--
ALTER TABLE `collab_category_tbl`
  MODIFY `collab_category_id` int(5) NOT NULL AUTO_INCREMENT, AUTO_INCREMENT=5;

--
-- AUTO_INCREMENT for table `collab_member_tbl`
--
ALTER TABLE `collab_member_tbl`
  MODIFY `member_rec_id` int(10) NOT NULL AUTO_INCREMENT, AUTO_INCREMENT=134;

--
-- AUTO_INCREMENT for table `collab_room_tbl`
--
ALTER TABLE `collab_room_tbl`
  MODIFY `collab_room_id` int(10) NOT NULL AUTO_INCREMENT, AUTO_INCREMENT=93;

--
-- AUTO_INCREMENT for table `collab_tasks_tbl`
--
ALTER TABLE `collab_tasks_tbl`
  MODIFY `collab_id` int(10) NOT NULL AUTO_INCREMENT, AUTO_INCREMENT=141;

--
-- AUTO_INCREMENT for table `item_category_tbl`
--
ALTER TABLE `item_category_tbl`
  MODIFY `item_category_id` int(5) NOT NULL AUTO_INCREMENT, AUTO_INCREMENT=4;

--
-- AUTO_INCREMENT for table `shop_tbl`
--
ALTER TABLE `shop_tbl`
  MODIFY `item_id` int(5) NOT NULL AUTO_INCREMENT, AUTO_INCREMENT=32;

--
-- AUTO_INCREMENT for table `task_category_tbl`
--
ALTER TABLE `task_category_tbl`
  MODIFY `category_id` int(5) NOT NULL AUTO_INCREMENT, AUTO_INCREMENT=5;

--
-- AUTO_INCREMENT for table `task_tbl`
--
ALTER TABLE `task_tbl`
  MODIFY `task_id` int(10) NOT NULL AUTO_INCREMENT, AUTO_INCREMENT=279;

--
-- AUTO_INCREMENT for table `user_inventory_tbl`
--
ALTER TABLE `user_inventory_tbl`
  MODIFY `owned_item_id` int(10) NOT NULL AUTO_INCREMENT, AUTO_INCREMENT=152;

--
-- AUTO_INCREMENT for table `user_tbl`
--
ALTER TABLE `user_tbl`
  MODIFY `user_id` int(10) NOT NULL AUTO_INCREMENT, AUTO_INCREMENT=46;

--
-- Constraints for dumped tables
--

--
-- Constraints for table `collab_member_tbl`
--
ALTER TABLE `collab_member_tbl`
  ADD CONSTRAINT `collab_member_tbl_ibfk_1` FOREIGN KEY (`collab_room_id`) REFERENCES `collab_room_tbl` (`collab_room_id`),
  ADD CONSTRAINT `collab_member_tbl_ibfk_2` FOREIGN KEY (`user_id`) REFERENCES `user_tbl` (`user_id`);

--
-- Constraints for table `collab_room_tbl`
--
ALTER TABLE `collab_room_tbl`
  ADD CONSTRAINT `collab_room_tbl_ibfk_1` FOREIGN KEY (`user_id`) REFERENCES `user_tbl` (`user_id`),
  ADD CONSTRAINT `collab_room_tbl_ibfk_2` FOREIGN KEY (`collab_category_id`) REFERENCES `collab_category_tbl` (`collab_category_id`);

--
-- Constraints for table `collab_tasks_tbl`
--
ALTER TABLE `collab_tasks_tbl`
  ADD CONSTRAINT `collab_tasks_tbl_ibfk_1` FOREIGN KEY (`collab_room_id`) REFERENCES `collab_room_tbl` (`collab_room_id`),
  ADD CONSTRAINT `collab_tasks_tbl_ibfk_2` FOREIGN KEY (`task_id`) REFERENCES `task_tbl` (`task_id`);

--
-- Constraints for table `shop_tbl`
--
ALTER TABLE `shop_tbl`
  ADD CONSTRAINT `shop_tbl_ibfk_1` FOREIGN KEY (`item_category_id`) REFERENCES `item_category_tbl` (`item_category_id`);

--
-- Constraints for table `task_tbl`
--
ALTER TABLE `task_tbl`
  ADD CONSTRAINT `task_category` FOREIGN KEY (`category_id`) REFERENCES `task_category_tbl` (`category_id`),
  ADD CONSTRAINT `task_tbl_ibfk_1` FOREIGN KEY (`user_id`) REFERENCES `user_tbl` (`user_id`);

--
-- Constraints for table `user_inventory_tbl`
--
ALTER TABLE `user_inventory_tbl`
  ADD CONSTRAINT `user_inventory_tbl_ibfk_1` FOREIGN KEY (`user_id`) REFERENCES `user_tbl` (`user_id`),
  ADD CONSTRAINT `user_inventory_tbl_ibfk_2` FOREIGN KEY (`item_id`) REFERENCES `shop_tbl` (`item_id`);
COMMIT;

/*!40101 SET CHARACTER_SET_CLIENT=@OLD_CHARACTER_SET_CLIENT */;
/*!40101 SET CHARACTER_SET_RESULTS=@OLD_CHARACTER_SET_RESULTS */;
/*!40101 SET COLLATION_CONNECTION=@OLD_COLLATION_CONNECTION */;
